SYMBOL,SERIES,ISIN,scrip_code,VaR_Margin,ELM,Adhoc_Margin,MTF Margin,market_cap,Turnover,nse_fo,MTF Eligibility,MarKet Cap Category,SUR INDICATOR,company_name
3MINDIA,EQ,INE470A01017,523395,11.47,3.5,0,33,37777,8.99,N,Y,Large Cap,,3M INDIA LIMITED
63MOONS,EQ,INE111B01023,526881,21.6,3.5,0,43,3121,7.91,N,Y,Small Cap,,63 MOONS TECHNOLOGIES LTD
AADHARHFC,EQ,INE883F01010,544176,11.76,3.5,0,33,22016,29.93,N,Y,Large Cap,,AADHAR HOUSING FINANCE L
AARTIDRUGS,EQ,INE767A01016,524348,14.18,3.5,0,40,3399,5.9,N,Y,Small Cap,,AARTI DRUGS LTD.
AARTIIND,EQ,INE769A01020,524208,15.91,3.5,0,37,16917,108.24,N,Y,Mid Cap,,AARTI INDUSTRIES LTD
AARTIPHARM,EQ,INE0LRU01027,543748,17.85,3.5,0,39,6437,22.56,N,Y,Mid Cap,,AARTI PHARMALABS LIMITED
AAVAS,EQ,INE216P01012,541988,12.49,3.5,19.01,53,11741,33.45,N,Y,Mid Cap,,AAVAS FINANCIERS LIMITED
ABBOTINDIA,EQ,INE358A01014,500488,9,3.5,0,30,54388,22.14,N,Y,Large Cap,,ABBOTT INDIA LIMITED
ABDL,EQ,INE552Z01027,544203,16.11,3.5,0,38,17595,23.09,N,Y,Mid Cap,,ALLIED BLEND N DISTILS L
ABFRL,EQ,INE647O01011,535755,15.49,3.5,0,37,7518,23.88,N,Y,Mid Cap,Loss making,ADITYA BIRLA FASHION & RT
ABLBL,EQ,INE14LE01019,544403,12.69,3.5,0,34,12264,12.75,N,Y,Mid Cap,,ADITYA BIRLA LIFES BRAN L
ABREL,EQ,INE055A01016,500040,17.17,3.5,0,39,14582,30.73,N,Y,Mid Cap,,ADITYA BIRLA REAL EST LTD
ABSLAMC,EQ,INE404A01024,543374,15.23,3.5,0,37,34516,52.01,N,Y,Large Cap,,ADIT BIRL SUN LIF AMC LTD
ACC,EQ,INE012A01025,500410,9.77,3.5,0,31,25295,24.8,N,Y,Large Cap,,ACC LIMITED
ACE,EQ,INE731H01025,532762,15.09,3.5,0,37,11948,44.45,N,Y,Mid Cap,,ACTION CONST EQUIP LTD
ACI,EQ,INE128X01021,543657,14.18,3.5,0,36,6541,8.2,N,Y,Mid Cap,,ARCHEAN CHEMICAL IND LTD
ACMESOLAR,EQ,INE622W01025,544283,16.16,3.5,0,38,21773,114.35,N,Y,Large Cap,,ACME SOLAR HOLDINGS LTD
ADFFOODS,EQ,INE982B01027,519183,20.34,3.5,0,42,3409,7.06,N,Y,Small Cap,,ADF FOODS LIMITED
ADVAIT,EQ,INE0ALI01010,543230,23.21,3.5,0,45,2580,15.01,N,Y,Small Cap,,ADVAIT ENRGY TRANSITION L
ADVENZYMES,EQ,INE837H01020,540025,15.99,3.5,0,40,4131,6.53,N,Y,Small Cap,,ADVANCED ENZYME TECH LTD
AEGISLOG,EQ,INE208C01025,500003,18.97,3.5,0,40,37308,403.53,N,Y,Large Cap,,AEGIS LOGISTICS LIMITED
AEGISVOPAK,EQ,INE0INX01018,544407,16.22,3.5,0,38,25667,30.31,N,Y,Large Cap,,AEGIS VOPAK TERMINALS LTD
AEQUS,EQ,INE947N01017,544634,18.39,3.5,0,40,15454,194.34,N,Y,Mid Cap,,AEQUS LIMITED
AEROENTER,EQ,INE065D01027,511076,21.5,3.5,0,43,1517,34.12,N,Y,Small Cap,LT ASM Stage - 1,AEROFLEX ENTERPRISES LTD
AETHER,EQ,INE0BWX01014,543534,15.41,3.5,0,37,18007,64.71,N,Y,Mid Cap,,AETHER INDUSTRIES LIMITED
AFCONS,EQ,INE101I01011,544280,13.43,3.5,0,35,11521,81.38,N,Y,Mid Cap,,AFCONS INFRASTRUCTURE LTD
AFFLE,EQ,INE00WC01027,542752,13.22,3.5,0,35,20491,37.83,N,Y,Large Cap,,AFFLE 3I LIMITED
AGI,EQ,INE415A01038,500187,19.24,3.5,0,41,4551,17.81,N,Y,Small Cap,,AGI GREENPAC LIMITED
AGIIL,EQ,INE976R01033,539042,21.86,3.5,0,43,4433,69.78,N,Y,Small Cap,,AGI INFRA LIMITED
AIAENG,EQ,INE212H01026,532683,11.45,3.5,0,33,45330,58.6,N,Y,Large Cap,,AIA ENGINEERING LIMITED
AIIL,EQ,INE206F01022,539177,22.62,3.5,0,44,45353,124.92,N,Y,Large Cap,,AUTHUM INVEST & INFRA LTD
AJANTPHARM,EQ,INE031B01049,532331,11.59,3.5,0,33,40675,37.04,N,Y,Large Cap,,AJANTA PHARMA LIMITED
AJMERA,EQ,INE298G01035,513349,21.61,3.5,0,43,2643,22.6,N,Y,Small Cap,,AJMERA REALTY & INF I LTD
AKUMS,EQ,INE09XN01023,544222,13.83,3.5,0,35,9658,19.94,N,Y,Mid Cap,,AKUMS DRUGS AND PHARMA L
ALGOQUANT,EQ,INE598D01035,505725,14.68,3.5,0,40,1639,7.78,N,Y,Small Cap,,ALGOQUANT FINTECH LIMITED
ALIVUS,EQ,INE03Q201024,543322,12.74,3.5,0,34,13699,11.47,N,Y,Mid Cap,,ALIVUS LIFE SCIENCES LTD
ALKYLAMINE,EQ,INE150B01039,506767,16.44,3.5,0,38,9111,37.5,N,Y,Mid Cap,,ALKYL AMINES CHEM. LTD
ALLTIME,EQ,INE0GV601021,544479,16.35,3.5,0,40,1558,5.47,N,Y,Small Cap,,ALL TIME PLASTICS LIMITED
ALOKINDS,EQ,INE270A01029,521070,16.39,3.5,0,38,6509,11.24,N,Y,Mid Cap,Loss making,ALOK INDUSTRIES LIMITED
AMAGI,EQ,INE121R01077,544679,12.41,3.5,0,34,11535,31.69,N,Y,Mid Cap,,AMAGI MEDIA LABS LIMITED
ANANDRATHI,EQ,INE463V01026,543415,10.58,3.5,0,32,31613,129.29,N,Y,Large Cap,,ANAND RATHI WEALTH LTD
ANANTRAJ,EQ,INE242C01024,515055,21.02,3.5,0,43,19023,166.88,N,Y,Mid Cap,,ANANT RAJ LIMITED
ANTELOPUS,EQ,INE818A01017,530075,26.34,3.5,0,48,2865,12.92,N,Y,Small Cap,,ANTELOPUS SELAN ENRGY LTD
ANTHEM,EQ,INE0CZ201020,544449,10.01,3.5,0,32,43201,43.25,N,Y,Large Cap,,ANTHEM BIOSCIENCES LTD
ANUP,EQ,INE294Z01018,542460,19.7,3.5,0,41,4565,18.96,N,Y,Small Cap,,THE ANUP ENGINEERING LTD
ANURAS,EQ,INE930P01018,543275,10.87,3.5,0,32,14585,34.9,N,Y,Mid Cap,,ANUPAM RASAYAN INDIA LTD
APARINDS,EQ,INE372A01015,532259,19.37,3.5,0,41,66940,252.64,N,Y,Large Cap,,APAR INDUSTRIES LTD.
APCOTEXIND,EQ,INE116A01032,523694,15.88,3.5,0,40,2764,7.93,N,Y,Small Cap,,APCOTEX INDUSTRIES LIMITE
APLLTD,EQ,INE901L01018,533573,12.62,3.5,0,34,15345,9.55,N,Y,Mid Cap,,ALEMBIC PHARMA LTD
APOLLOPIPE,EQ,INE126J01016,531761,19.35,3.5,0,41,2147,6.64,N,Y,Small Cap,,APOLLO PIPES LIMITED
APOLLOTYRE,EQ,INE438A01022,500877,11.48,3.5,0,33,26789,55.63,N,Y,Large Cap,,APOLLO TYRES LTD
APTUS,EQ,INE852O01025,543335,13.43,3.5,0,35,13255,25.78,N,Y,Mid Cap,,APTUS VALUE HSG FIN I LTD
ARE&M,EQ,INE885A01032,500008,13.52,3.5,0,35,15555,41.33,N,Y,Mid Cap,,AMARA RAJA ENERGY MOB LTD
ARMANFIN,EQ,INE109C01017,531179,18.06,3.5,0,40,1752,6.65,N,Y,Small Cap,,ARMAN FIN SERV LTD
ARSSBL,EQ,INE549H01021,544530,14.46,3.5,0,40,3473,13.47,N,Y,Small Cap,,ANAND RATHI SH N STK BR L
ARVIND,EQ,INE034A01011,500101,16.57,3.5,0,38,14576,52.55,N,Y,Mid Cap,,ARVIND LIMITED
ARVINDFASN,EQ,INE955V01021,542484,15.35,3.5,0,37,6287,10.43,N,Y,Mid Cap,,ARVIND FASHIONS LIMITED
ARVSMART,EQ,INE034S01021,539301,15.27,3.5,0,40,2789,20.28,N,Y,Small Cap,,ARVIND SMARTSPACES LTD
ASAHIINDIA,EQ,INE439A01020,515030,14.35,3.5,0,36,21861,5.35,N,Y,Large Cap,,ASAHI INDIA GLASS LIMITED
ASHAPURMIN,EQ,INE348A01023,527001,23.73,3.5,0,45,6614,46.4,N,Y,Mid Cap,,ASHAPURA MINECHEM LTD
ASHOKA,EQ,INE442H01029,533271,17.36,3.5,0,40,3773,50.84,N,Y,Small Cap,,ASHOKA BUILDCON LTD
ASIANENE,EQ,INE276G01015,530355,20.99,3.5,0,42,1670,15.66,N,Y,Small Cap,,ASIAN ENERGY SERVICES LTD
ASKAUTOLTD,EQ,INE491J01022,544022,13.23,3.5,0,35,9110,5.75,N,Y,Mid Cap,,ASK AUTOMOTIVE LIMITED
ASTEC,EQ,INE563J01010,533138,23.39,3.5,0,45,1675,6.58,N,Y,Small Cap,Loss making,ASTEC LIFESCIENCES LTD
ASTERDM,EQ,INE914M01019,540975,12.63,3.5,0,34,39880,61.73,N,Y,Large Cap,,ASTER DM HEALTHCARE LTD.
ASTRAMICRO,EQ,INE386C01029,532493,17.43,3.5,0,39,15786,214.65,N,Y,Mid Cap,,ASTRA MICROWAVE LTD
ATGL,EQ,INE399L01023,542066,20.26,3.5,0,42,79120,425.36,N,Y,Large Cap,,ADANI TOTAL GAS LIMITED
ATHERENERG,EQ,INE0LEZ01016,544397,16.45,3.5,0,38,37859,323.84,N,Y,Large Cap,,ATHER ENERGY LIMITED
ATUL,EQ,INE100A01010,500027,10.67,3.5,0,32,19468,14.02,N,Y,Mid Cap,,ATUL LTD
AURIONPRO,EQ,INE132H01018,532668,20.49,3.5,0,42,4980,34.67,N,Y,Small Cap,,AURIONPRO SOLN LTD
AVALON,EQ,INE0LCL01028,543896,21.45,3.5,0,43,11673,56.64,N,Y,Mid Cap,,AVALON TECHNOLOGIES LTD
AVANTEL,EQ,INE005B01027,532406,20.02,3.5,0,42,4520,36.03,N,Y,Small Cap,,AVANTEL LIMITED
AVANTIFEED,EQ,INE871C01038,512573,22.34,3.5,0,44,13329,72.74,N,Y,Mid Cap,,AVANTI FEEDS LIMITED
AVL,EQ,INE679V01027,540205,15.52,3.5,0,37,8322,22.82,N,Y,Mid Cap,,ADITYA VISION LIMITED
AWFIS,EQ,INE108V01019,544181,19.32,3.5,0,41,2219,8.77,N,Y,Small Cap,,AWFIS SPACE SOLUTIONS LTD
AWL,EQ,INE699H01024,543458,13.36,3.5,0,35,23796,75.15,N,Y,Large Cap,,AWL AGRI BUSINESS LIMITED
AXISCADES,EQ,INE555B01013,532395,21.85,3.5,0,43,7474,29.81,N,Y,Mid Cap,,AXISCADES TECH LTD
AXISGOLD,EQ,INF846K01W80,,13.32,3.5,0,35,5111,35.98,N,Y,Mid Cap,,AXIS MF - AXIS GOLD ETF
AXISILVER,EQ,INF846K011K1,,22.42,3.5,0,44,1859,33.31,N,Y,Small Cap,,AXISAMC - AXISILVER
AYE,EQ,INE501X01029,544699,17.23,3.5,0,40,4084,26.9,N,Y,Small Cap,,AYE FINANCE LIMITED
AZAD,EQ,INE02IJ01035,544061,17.29,3.5,0,39,12961,105.84,N,Y,Mid Cap,,AZAD ENGINEERING LIMITED
BAJAJELEC,EQ,INE193E01025,500031,12.87,3.5,0,40,3747,6.59,N,Y,Small Cap,,BAJAJ ELECT.LTD
BAJAJHFL,EQ,INE377Y01014,544252,9.73,3.5,0,31,73283,46.92,N,Y,Large Cap,,BAJAJ HOUSING FINANCE LTD
BAJAJHIND,EQ,INE306A01021,500032,16.82,3.5,0,40,4502,15.82,N,Y,Small Cap,,BAJAJ HINDUSTHAN SUGAR LT
BAJEL,EQ,INE0KQN01018,544042,19.32,3.5,0,41,2330,8.07,N,Y,Small Cap,,BAJEL PROJECTS LIMITED
BALKRISIND,EQ,INE787D01026,502355,12.75,3.5,0,34,42988,56.66,N,Y,Large Cap,,BALKRISHNA IND. LTD
BALRAMCHIN,EQ,INE119A01028,500038,13.54,3.5,0,35,10841,28.53,N,Y,Mid Cap,,BALRAMPUR CHINI MILLS LTD
BALUFORGE,EQ,INE011E01029,531112,22.13,3.5,0,44,5436,32.53,N,Y,Mid Cap,,BALU FORGE INDUSTRIES LTD
BANCOINDIA,EQ,INE213C01025,500039,21.14,3.5,0,43,9511,16.63,N,Y,Mid Cap,,BANCO PRODUCTS (I) LTD
BANKBEES,EQ,INF204KB15I9,,9,3.5,0,30,8648,77.67,N,Y,Mid Cap,,NIP IND ETF BANK BEES
BANKIETF,EQ,INF109KC15I8,,9,3.5,0,40,3097,10.4,N,Y,Small Cap,,ICICIPRAMC - IPRU5008
BANKNIFTY1,EQ,INF174KA1ZB7,,9,3.5,0,40,4677,5.47,N,Y,Small Cap,,KOTAKMAMC-KOTAKBKETF
BASF,EQ,INE373A01013,500042,13.72,3.5,0,35,16271,12.57,N,Y,Mid Cap,,BASF INDIA LTD
BATAINDIA,EQ,INE176A01028,500043,12.83,3.5,0,34,9190,98.14,N,Y,Mid Cap,,BATA INDIA LTD
BAYERCROP,EQ,INE462A01022,506285,10.12,3.5,0,32,18873,13.42,N,Y,Mid Cap,,BAYER CROPSCIENCE LTD
BBL,EQ,INE464A01036,503960,17.66,3.5,0,40,3229,10.42,N,Y,Small Cap,,BHARAT BIJLEE LTD
BBTC,EQ,INE050A01025,501425,14.24,3.5,0,36,10967,8.46,N,Y,Mid Cap,,BOMBAY BURMAH TRADING COR
BCG,EQ,INE425B01027,532368,29.12,3.5,0,51,2034,14.05,N,Y,Small Cap,,BRIGHTCOM GROUP LIMITED
BECTORFOOD,EQ,INE495P01020,543253,14.98,3.5,0,36,5818,13.98,N,Y,Mid Cap,,MRS BECTORS FOOD SPE LTD
BELRISE,EQ,INE894V01022,544405,13.79,3.5,0,35,21767,78.38,N,Y,Large Cap,,BELRISE INDUSTRIES LTD
BEML,EQ,INE258A01024,500048,18.15,3.5,0,40,14599,39.05,N,Y,Mid Cap,,BEML LIMITED
BEPL,EQ,INE922A01025,500052,13.64,3.5,0,40,2535,9.65,N,Y,Small Cap,,BHANSALI ENG. POLYMERS LT
BERGEPAINT,EQ,INE463A01038,509480,11.41,3.5,0,33,61862,52.37,N,Y,Large Cap,,BERGER PAINTS (I) LTD
BHAGCHEM,EQ,INE414D01027,531719,18.85,3.5,0,40,3707,12.51,N,Y,Small Cap,,BHAGIRADHA CHEM & INDS L
BHARATCOAL,EQ,INE05XR01022,544678,13.3,3.5,0,35,19457,217.47,N,Y,Mid Cap,,BHARAT COKING COAL LTD
BHARTIHEXA,EQ,INE343G01021,544162,12.24,3.5,0,34,73440,29.06,N,Y,Large Cap,,BHARTI HEXACOM LIMITED
BIKAJI,EQ,INE00E101023,543653,11.29,3.5,0,33,16322,13.78,N,Y,Mid Cap,,BIKAJI FOODS INTERN LTD
BIRLACORPN,EQ,INE340A01012,500335,14.7,3.5,0,36,7666,7.95,N,Y,Mid Cap,,BIRLA CORPORATION LTD
BLACKBUCK,EQ,INE0UIZ01018,544288,17.02,3.5,0,39,10201,23.32,N,Y,Mid Cap,,BLACKBUCK LIMITED
BLS,EQ,INE153T01027,540073,19.21,3.5,0,41,10672,38.73,N,Y,Mid Cap,,BLS INTL SERVS LTD
BLSE,EQ,INE0NLT01010,544107,17.47,3.5,0,40,2046,5.2,N,Y,Small Cap,,BLS E-SERVICES LIMITED
BLUEDART,EQ,INE233B01017,526612,11.89,3.5,0,33,11861,8.35,N,Y,Mid Cap,,BLUE DART EXPRESS LTD
BLUEJET,EQ,INE0KBH01020,544009,20.82,3.5,0,42,8964,25.47,N,Y,Mid Cap,,BLUE JET HEALTHCARE LTD
BLUESTONE,EQ,INE304W01038,544484,15.25,3.5,0,37,8052,17.58,N,Y,Mid Cap,,BLUESTONE JEWEL LFSTL LTD
BOMDYEING,EQ,INE032A01023,500020,18.31,3.5,0,40,2796,17.58,N,Y,Small Cap,,BOMBAY DYEING & MFG. CO L
BORORENEW,EQ,INE666D01022,502219,17.81,3.5,0,39,8484,42.49,N,Y,Mid Cap,,BOROSIL RENEWABLES LTD
BOSCH-HCIL,EQ,INE782A01015,523398,15.35,3.5,0,40,3769,25.47,N,Y,Small Cap,,BOSCH HOME COMFRT IND LTD
BRIGADE,EQ,INE791I01019,532929,14.11,3.5,0,36,17727,59.29,N,Y,Mid Cap,,BRIGADE ENTER. LTD
BSLNIFTY,EQ,INF209KB19D1,,6,2,0,25,3187,6.04,N,Y,Small Cap,,ADITYBIRLA SL NIF ETF-GR
BSOFT,EQ,INE836A01035,532400,15.15,3.5,0,37,8606,63.44,N,Y,Mid Cap,,BIRLASOFT LIMITED
CAMLINFINE,EQ,INE052I01032,532834,24.87,3.5,0,46,2659,38.15,N,Y,Small Cap,,CAMLIN FINE SCIENCES LTD
CAMPUS,EQ,INE278Y01022,543523,12.08,3.5,0,34,7114,10.36,N,Y,Mid Cap,,CAMPUS ACTIVEWEAR LIMITED
CANFINHOME,EQ,INE477A01020,511196,11.08,3.5,0,33,11781,15.6,N,Y,Mid Cap,,CAN FIN HOMES LTD
CANHLIFE,EQ,INE01TY01017,544583,9.27,3.5,0,31,12907,6.84,N,Y,Mid Cap,,CANARA HSBC LIFE INS CO L
CAPACITE,EQ,INE264T01014,540710,19.3,3.5,0,41,2220,17.1,N,Y,Small Cap,,CAPACITE INFRAPROJECT LTD
CAPILLARY,EQ,INE0ILV01024,544614,12.37,3.5,0,40,3958,23.11,N,Y,Small Cap,,CAPILLARY TECHNO INDIA L
CAPLIPOINT,EQ,INE475E01026,524742,14.98,3.5,0,36,19147,55.24,N,Y,Mid Cap,,CAPLIN POINT LAB LTD.
CARBORUNIV,EQ,INE120A01034,513375,13.76,3.5,0,35,22142,73.14,N,Y,Large Cap,,CARBORUNDUM UNIVERSAL LTD
CARERATING,EQ,INE752H01013,534804,14.18,3.5,0,36,5043,7.1,N,Y,Mid Cap,,CARE RATINGS LIMITED
CARRARO,EQ,INE0V7W01012,544320,19.17,3.5,0,41,3250,8.76,N,Y,Small Cap,,CARRARO INDIA LIMITED
CARYSIL,EQ,INE482D01024,524091,19.86,3.5,0,41,3409,20.69,N,Y,Small Cap,,CARYSIL LIMITED
CASTROLIND,EQ,INE172A01027,500870,9.43,3.5,0,31,18564,25.43,N,Y,Mid Cap,,CASTROL INDIA LIMITED
CCAVENUE,EQ,INE483S01020,539807,16.01,3.5,0,38,5449,22.83,N,Y,Mid Cap,,AVENUESAI LIMITED
CCL,EQ,INE421D01022,519600,14.58,3.5,0,36,15584,104.77,N,Y,Mid Cap,,CCL PRODUCTS (I) LTD
CEATLTD,EQ,INE482A01020,500878,15.55,3.5,0,37,13959,43.67,N,Y,Mid Cap,,CEAT LIMITED
CEIGALL,EQ,INE0AG901020,544223,12.19,3.5,0,34,6624,23.21,N,Y,Mid Cap,,CEIGALL INDIA LIMITED
CEINSYS,EQ,INE016Q01014,538734,24.32,3.5,0,46,1639,8.75,N,Y,Small Cap,,CEINSYS TECH LIMITED
CELLO,EQ,INE0LMW01024,544012,12.06,3.5,0,34,8408,10.14,N,Y,Mid Cap,,CELLO WORLD LIMITED
CENTRALBK,EQ,INE483A01010,532885,14.14,3.5,0,36,29426,65.48,N,Y,Large Cap,,CENTRAL BANK OF INDIA
CENTUM,EQ,INE320B01020,517544,21.98,3.5,0,43,5352,22.33,N,Y,Mid Cap,,CENTUM ELECTRONICS LTD
CERA,EQ,INE739E01017,532443,12.79,3.5,0,34,8178,19.29,N,Y,Mid Cap,,CERA SANITARYWARE LTD
CESC,EQ,INE486A01021,500084,12.79,3.5,0,34,22455,25.39,N,Y,Large Cap,,CESC LTD
CGCL,EQ,INE180C01042,531595,15.79,3.5,0,37,21012,85.97,N,Y,Large Cap,,CAPRI GLOBAL CAPITAL LTD
CHALET,EQ,INE427F01016,542399,12.44,3.5,0,34,18105,18.31,N,Y,Mid Cap,,CHALET HOTELS LIMITED
CHAMBLFERT,EQ,INE085A01013,500085,13.24,3.5,0,35,19155,59.69,N,Y,Mid Cap,,CHAMBAL FERTILIZERS LTD
CHEMPLASTS,EQ,INE488A01050,543336,18.82,3.5,0,40,3280,27.65,N,Y,Small Cap,Loss making,CHEMPLAST SANMAR LIMITED
CHENNPETRO,EQ,INE178A01016,500110,20.11,3.5,0,42,16797,136.48,N,Y,Mid Cap,,CHENNAI PETROLEUM CORP LT
CHOICEIN,EQ,INE102B01014,531358,12.83,3.5,0,34,15805,50.51,N,Y,Mid Cap,,CHOICE INTERNATIONAL LTD
CHOLAHLDNG,EQ,INE149A01033,504973,16.11,3.5,0,38,30953,41.16,N,Y,Large Cap,,CHOLAMANDALAM FIN HOL LTD
CIEINDIA,EQ,INE536H01010,532756,11.92,3.5,0,33,17826,11.94,N,Y,Mid Cap,,CIE AUTOMOTIVE INDIA LTD
CLEAN,EQ,INE227W01023,543318,13.67,3.5,0,35,8381,46.12,N,Y,Mid Cap,,CLEAN SCIENCE & TECH LTD
CLEANMAX,EQ,INE647U01026,544717,13.35,3.5,0,35,16244,75.26,N,Y,Mid Cap,,CLEAN MAX ENVIRO EN SOL L
CMPDI,EQ,INE05HV01027,544739,11.26,3.5,0,33,18450,133.78,N,Y,Mid Cap,,CENTRAL MINE P N D INST L
CMSINFO,EQ,INE925R01014,543441,11.26,3.5,0,40,4951,12.93,N,Y,Small Cap,,CMS INFO SYSTEMS LIMITED
CONCORDBIO,EQ,INE338H01029,543960,17.51,3.5,0,39,13506,53.19,N,Y,Mid Cap,,CONCORD BIOTECH LIMITED
COROMANDEL,EQ,INE169A01031,506395,13.12,3.5,0,35,58513,79.6,N,Y,Large Cap,,COROMANDEL INTERNTL. LTD
CORONA,EQ,INE02ZQ01018,544644,9.58,3.5,0,31,11918,14.49,N,Y,Mid Cap,,CORONA REMEDIES LIMITED
COSMOFIRST,EQ,INE757A01017,508814,19.07,3.5,0,41,2142,10.9,N,Y,Small Cap,,COSMO FIRST LIMITED
CPSEETF,EQ,INF457M01133,,9,3.5,0,30,20186,16.37,N,Y,Large Cap,,CPSE ETF
CRAFTSMAN,EQ,INE00LO01017,543276,15.47,3.5,0,37,22387,104.02,N,Y,Large Cap,,CRAFTSMAN AUTOMATION LTD
CRAMC,EQ,INE218I01013,544580,12.94,3.5,0,40,4967,9.75,N,Y,Small Cap,,CANARA ROBECO AMC LIMITED
CREDITACC,EQ,INE741K01010,541770,17.42,3.5,0,39,23386,43.71,N,Y,Large Cap,,CREDITACCESS GRAMEEN LTD
CRISIL,EQ,INE007A01025,500092,11.73,3.5,0,33,29890,20.59,N,Y,Large Cap,,CRISIL LTD
CRIZAC,EQ,INE0S4R01014,544439,15.86,3.5,0,40,3543,6.89,N,Y,Small Cap,,CRIZAC LIMITED
CSBBANK,EQ,INE679A01013,542867,17.6,3.5,0,39,5964,14.24,N,Y,Mid Cap,,CSB BANK LIMITED
CUB,EQ,INE491A01021,532210,14.4,3.5,0,36,20270,58.7,N,Y,Large Cap,,CITY UNION BANK LTD
CYIENT,EQ,INE136B01020,532175,14.19,3.5,0,36,9934,58.2,N,Y,Mid Cap,,CYIENT LIMITED
CYIENTDLM,EQ,INE055S01018,543933,16.04,3.5,0,40,3706,13.17,N,Y,Small Cap,,CYIENT DLM LIMITED
DATAMATICS,EQ,INE365B01017,532528,19.69,3.5,0,41,4770,9.83,N,Y,Small Cap,,DATAMATICS GLOBAL SER LTD
DATAPATTNS,EQ,INE0IX101010,543428,21.68,3.5,0,43,25865,628.62,N,Y,Large Cap,,DATA PATTERNS INDIA LTD
DBL,EQ,INE917M01012,540047,15.29,3.5,0,37,7401,5.79,N,Y,Mid Cap,,DILIP BUILDCON LIMITED
DCAL,EQ,INE385W01011,540701,23.7,3.5,0,45,2731,7.14,N,Y,Small Cap,,DISHMAN CARBO AMCIS LTD
DCBBANK,EQ,INE503A01015,532772,14.92,3.5,0,36,5972,17.28,N,Y,Mid Cap,,DCB BANK LIMITED
DCXINDIA,EQ,INE0KL801015,543650,21.02,3.5,0,43,2200,24.64,N,Y,Small Cap,,DCX SYSTEMS LIMITED
DDEVPLSTIK,EQ,INE0HR601026,543547,19.64,3.5,0,41,2914,6.75,N,Y,Small Cap,,DDEV PLASTIKS IND LTD
DEEPAKFERT,EQ,INE501A01019,500645,18.43,3.5,0,40,20232,58.78,N,Y,Large Cap,,DEEPAK FERTILIZERS & PETR
DEEPAKNTR,EQ,INE288B01029,506401,12.33,3.5,0,34,22439,21.75,N,Y,Large Cap,,DEEPAK NITRITE LTD
DEEPINDS,EQ,INE0FHS01024,543288,18.65,3.5,0,40,3105,18.25,N,Y,Small Cap,,DEEP INDUSTRIES LIMITED
DELTACORP,EQ,INE124G01033,532848,21.05,3.5,0,43,1739,22.14,N,Y,Small Cap,,DELTA CORP LIMITED
DEN,EQ,INE947J01015,533137,14.77,3.5,0,40,1553,8.62,N,Y,Small Cap,,DEN NETWORKS LTD
DEVYANI,EQ,INE872J01023,543330,15.35,3.5,0,37,14219,50.42,N,Y,Mid Cap,,DEVYANI INTERNATIONAL LTD
DIACABS,EQ,INE989C01038,522163,19.58,3.5,0,41,10773,126.33,N,Y,Mid Cap,,DIAMOND POWER INFRA LTD
DLINKINDIA,EQ,INE250K01012,533146,15.5,3.5,0,40,1838,12.61,N,Y,Small Cap,,D-LINK INDIA LTD
DOMS,EQ,INE321T01012,544045,12.9,3.5,0,34,13939,131.86,N,Y,Mid Cap,,DOMS INDUSTRIES LIMITED
DREDGECORP,EQ,INE506A01018,523618,25.22,3.5,0,47,3242,45.53,N,Y,Small Cap,,DREDGING CORP OF INDIA
DYCL,EQ,INE600Y01019,540795,24.57,3.5,0,46,1713,27.94,N,Y,Small Cap,,DYNAMIC CABLES LIMITED
DYNAMATECH,EQ,INE221B01012,505242,18.61,3.5,0,40,7189,15.07,N,Y,Mid Cap,,DYNAMATIC TECHNOLOGIES
EASEMYTRIP,EQ,INE07O001026,543272,23.63,3.5,0,45,2742,57.04,N,Y,Small Cap,,EASY TRIP PLANNERS LTD
EBGNG,EQ,INE18JU01028,544455,17.99,3.5,0,39,6065,49.35,N,Y,Mid Cap,,GNG ELECTRONICS LIMITED
ECLERX,EQ,INE738I01010,532927,17.86,3.5,0,39,13112,29.43,N,Y,Mid Cap,,ECLERX SERVICES LTD
EDELWEISS,EQ,INE532F01054,532922,18.44,3.5,0,40,11866,83.89,N,Y,Mid Cap,,EDELWEISS FIN SERV LTD
EFCIL,EQ,INE886D01026,512008,19.86,3.5,0,41,2765,17.18,N,Y,Small Cap,,EFC (I) LIMITED
EIDPARRY,EQ,INE126A01031,500125,12.13,3.5,0,34,12636,32.79,N,Y,Mid Cap,,EID PARRY INDIA LTD
EIEL,EQ,INE0LLY01014,544290,20.85,3.5,0,42,3867,88.94,N,Y,Small Cap,,ENVIRO INFRA ENGINEERS L
EIHOTEL,EQ,INE230A01023,500840,13.38,3.5,0,35,20421,6.31,N,Y,Large Cap,,EIH LIMITED
ELECON,EQ,INE205B01031,505700,19.76,3.5,0,41,11912,36.8,N,Y,Mid Cap,,ELECON ENG. CO. LTD
ELECTCAST,EQ,INE086A01029,500128,21.26,3.5,0,43,4934,21.47,N,Y,Small Cap,,ELECTROSTEEL CASTINGS LTD
ELGIEQUIP,EQ,INE285A01027,522074,14.83,3.5,0,36,19311,25.52,N,Y,Mid Cap,,ELGI EQUIPMENTS LTD
ELLEN,EQ,INE236E01022,544421,17.58,3.5,0,40,3932,9.25,N,Y,Small Cap,,ELLENBARRIE INDUS GASES L
EMAMILTD,EQ,INE548C01032,531162,11.57,3.5,0,33,17630,25.31,N,Y,Mid Cap,,EMAMI LIMITED
EMBDL,EQ,INE069I01010,532832,23.88,3.5,0,45,8582,16.65,N,Y,Mid Cap,Loss making,EMBASSY DEVELOPMENTS LTD
EMCURE,EQ,INE168P01015,544210,13.73,3.5,0,35,34886,39.53,N,Y,Large Cap,,EMCURE PHARMACEUTICALS L
EMIL,EQ,INE02YR01019,543626,18.42,3.5,0,40,4682,14.04,N,Y,Small Cap,,ELECTRONICS MART IND LTD
EMMVEE,EQ,INE1C6T01020,544608,16.63,3.5,0,38,23425,111.64,N,Y,Large Cap,,EMMVEE PHOTOVOLTAIC PWR L
ENDURANCE,EQ,INE913H01037,540153,13.26,3.5,0,35,38128,33.28,N,Y,Large Cap,,ENDURANCE TECHNO. LTD.
ENGINERSIN,EQ,INE510A01028,532178,18.87,3.5,0,40,14258,114.37,N,Y,Mid Cap,,ENGINEERS INDIA LTD
ENRIN,EQ,INE1NPP01017,544390,12.84,3.5,0,34,132666,174.59,N,Y,Large Cap,,SIEMENS ENERGY INDIA LTD
ENTERO,EQ,INE010601016,544122,15.71,3.5,0,37,5062,16.3,N,Y,Mid Cap,,ENTERO HEALTHCARE SOLU L
EPACK,EQ,INE0G5901015,544095,21.54,3.5,0,43,2286,70.61,N,Y,Small Cap,,EPACK DURABLE LIMITED
EPL,EQ,INE255A01020,500135,13.82,3.5,0,35,7391,12.06,N,Y,Mid Cap,,EPL LIMITED
EQUITASBNK,EQ,INE063P01018,543243,14.24,3.5,0,36,8792,42.18,N,Y,Mid Cap,,EQUITAS SMALL FIN BNK LTD
ERIS,EQ,INE406M01024,540596,12.88,3.5,0,34,20316,9.12,N,Y,Large Cap,,ERIS LIFESCIENCES LIMITED
ESCORTS,EQ,INE042A01014,500495,13.01,3.5,0,35,32787,43.64,N,Y,Large Cap,,ESCORTS KUBOTA LIMITED
EUREKAFORB,EQ,INE0KCE01017,543482,13.42,3.5,0,35,8944,5.66,N,Y,Mid Cap,,EUREKA FORBES LIMITED
EUROPRATIK,EQ,INE198501012,544519,16.28,3.5,0,40,2809,5.46,N,Y,Small Cap,,EURO PRATIK SALES LIMITED
EVEREADY,EQ,INE128A01029,531508,14.87,3.5,0,40,2660,11.44,N,Y,Small Cap,,EVEREADY INDS. IND.  LTD.
EXICOM,EQ,INE777F01014,544133,25.66,3.5,0,47,2296,240.49,N,Y,Small Cap,,EXICOM TELE SYSTEMS LTD
FACT,EQ,INE188A01015,590024,19.57,3.5,0,41,58266,146.13,N,Y,Large Cap,,FACT LTD
FDC,EQ,INE258B01022,531599,12.28,3.5,0,34,6686,13.95,N,Y,Mid Cap,,FDC LIMITED
FEDFINA,EQ,INE007N01010,544027,16.04,3.5,0,38,5646,26.15,N,Y,Mid Cap,,FEDBANK FINANCIAL SER L
FIEMIND,EQ,INE737H01014,532768,14.54,3.5,0,36,5836,12.83,N,Y,Mid Cap,,FIEM INDUSTRIES LIMITED
FILATEX,EQ,INE816B01035,526227,17.88,3.5,0,40,2386,9.38,N,Y,Small Cap,,FILATEX INDIA LTD
FINCABLES,EQ,INE235A01022,500144,16.99,3.5,0,38,17383,75.87,N,Y,Mid Cap,,FINOLEX CABLES LTD
FINEORG,EQ,INE686Y01026,541557,12.65,3.5,0,34,16160,9.69,N,Y,Mid Cap,,FINE ORGANIC IND. LTD.
FINPIPE,EQ,INE183A01024,500940,13.19,3.5,0,35,11395,28.36,N,Y,Mid Cap,,FINOLEX INDUSTRIES LTD
FIRSTCRY,EQ,INE02RE01045,544226,18.9,3.5,0,40,11842,67.57,N,Y,Mid Cap,Loss making,BRAINBEES SOLUTIONS LTD
FIVESTAR,EQ,INE128S01021,543663,16.82,3.5,0,38,14546,114.85,N,Y,Mid Cap,,FIVE-STAR BUS FIN LTD
FLUOROCHEM,EQ,INE09N301011,542812,12.72,3.5,0,34,42937,39.71,N,Y,Large Cap,,GUJARAT FLUOROCHEM LTD
FRACTAL,EQ,INE212S01015,544700,12.66,3.5,0,34,16276,53.71,N,Y,Mid Cap,,FRACTAL ANALYTICS LIMITED
FSL,EQ,INE684F01012,532809,18.81,3.5,0,40,17007,34.94,N,Y,Mid Cap,,FIRSTSOURCE SOLU. LTD.
FUSION,EQ,INE139R01012,543652,19.65,3.5,0,41,2920,10.29,N,Y,Small Cap,,FUSION FINANCE LIMITED
GABRIEL,EQ,INE524A01029,505714,20.59,3.5,0,42,17833,63.64,N,Y,Mid Cap,,GABRIEL INDIA LTD
GAEL,EQ,INE036B01030,524226,14.1,3.5,0,36,7410,10.42,N,Y,Mid Cap,,GUJARAT AMBUJA EXPORTS LT
GANDHAR,EQ,INE717W01049,544029,16.74,3.5,0,40,1756,27.64,N,Y,Small Cap,,GANDHAR OIL REFINE IND L
GANECOS,EQ,INE845D01014,514167,20.01,3.5,0,42,2384,10.44,N,Y,Small Cap,,GANESHA ECOSPHERE LIMITED
GARFIBRES,EQ,INE276A01018,509557,15.79,3.5,0,37,7327,32.27,N,Y,Mid Cap,,GARWARE TECH FIBRES LTD
GARUDA,EQ,INE0JVO01026,544271,23.85,3.5,0,45,1711,37.01,N,Y,Small Cap,,GARUDA CONSTRUCT N ENG L
GATEWAY,EQ,INE079J01017,543489,12.55,3.5,0,40,3090,6.71,N,Y,Small Cap,,GATEWAY DISTRIPARKS LTD
GENUSPOWER,EQ,INE955D01029,530343,18.07,3.5,13.43,53,10616,55.61,N,Y,Mid Cap,,GENUS POWER INFRASTRU LTD
GESHIP,EQ,INE017A01032,500620,15.06,3.5,0,37,21375,102.55,N,Y,Large Cap,,THE GE SHPG.LTD
GHCL,EQ,INE539A01019,500171,12.98,3.5,0,40,4012,16.85,N,Y,Small Cap,,GHCL LIMITED
GICRE,EQ,INE481Y01014,540755,12.99,3.5,0,34,63808,113.61,N,Y,Large Cap,,GENERAL INS CORP OF INDIA
GILLETTE,EQ,INE322A01010,507815,10.83,3.5,0,32,25394,18.6,N,Y,Large Cap,,GILLETTE INDIA LTD
GIPCL,EQ,INE162A01010,517300,15.88,3.5,0,40,2498,8.62,N,Y,Small Cap,,GUJ IND POW CO. LTD
GKENERGY,EQ,INE1AG301022,544525,17.92,3.5,0,40,3082,14.09,N,Y,Small Cap,,GK ENERGY LIMITED
GLAND,EQ,INE068V01023,543245,13.4,3.5,0,35,38326,158.48,N,Y,Large Cap,,GLAND PHARMA LIMITED
GLAXO,EQ,INE159A01016,500660,12.07,3.5,0,34,40092,33.83,N,Y,Large Cap,,GLAXOSMITHKLINE PHARMA LT
GLOBUSSPR,EQ,INE615I01010,533104,16.84,3.5,0,40,2527,6.15,N,Y,Small Cap,,GLOBUS SPIRITS LTD
GMDCLTD,EQ,INE131A01031,532181,21.42,3.5,0,43,18985,99.7,N,Y,Mid Cap,,GUJARAT MINERAL DEV CORP
GMMPFAUDLR,EQ,INE541A01023,505255,11.96,3.5,0,40,3619,7.57,N,Y,Small Cap,,GMM PFAUDLER LIMITED
GMRP&UI,EQ,INE0CU601026,543490,18.71,3.5,0,40,7734,19.27,N,Y,Mid Cap,,GMR POW AND URBAN INFRA L
GNA,EQ,INE934S01014,540124,17.4,3.5,0,40,1802,31.38,N,Y,Small Cap,,GNA AXLES LIMITED
GNFC,EQ,INE113A01013,500670,13.31,3.5,0,35,8199,38.34,N,Y,Mid Cap,,GUJ NAR VAL FER & CHEM L
GOCLCORP,EQ,INE077F01035,506480,19.82,3.5,0,41,2102,11.07,N,Y,Small Cap,,GOCL CORPORATION LIMITED
GODIGIT,EQ,INE03JT01014,544179,10.33,3.5,0,32,29237,46.21,N,Y,Large Cap,,GO DIGIT GENERAL INS LTD
GODREJAGRO,EQ,INE850D01014,540743,12.56,3.5,0,34,10879,5.02,N,Y,Mid Cap,,GODREJ AGROVET LIMITED
GODREJIND,EQ,INE233A01035,500164,17.15,3.5,0,39,38823,18.79,N,Y,Large Cap,,GODREJ INDUSTRIES LTD
GOKEX,EQ,INE887G01027,532630,23.15,3.5,0,45,6295,94.73,N,Y,Mid Cap,,GOKALDAS EXPORTS LTD.
GOKULAGRO,EQ,INE314T01033,539725,19.03,3.5,0,41,6516,8.44,N,Y,Mid Cap,,GOKUL AGRO RESOURCES LTD
GOLD1,EQ,INF174KA1HJ8,,11.62,3.5,0,33,13678,31.89,N,Y,Mid Cap,,KOTAK GOLD ETF
GOLDADD,EQ,INF740KA1SW3,,12.01,3.5,0,40,2303,8.63,N,Y,Small Cap,,DSPAMC - DSPGOLD
GOLDBEES,EQ,INF204KB17I5,,11.64,3.5,0,33,52392,331.9,N,Y,Large Cap,,NIP IND ETF GOLD BEES
GOLDBETA,EQ,INF789F1AUX7,,11.01,3.5,0,40,4038,7.37,N,Y,Small Cap,,UTIAMC-UTIGOLDBETA
GOLDCASE,EQ,INF0R8F01042,,11.4,3.5,0,40,2139,24.03,N,Y,Small Cap,,ZERODHAAMC - GOLDCASE
GOLDETF,EQ,INF769K01JP9,,10.9,3.5,0,40,3110,22.62,N,Y,Small Cap,,MIRAEAMC - MAGOLDETF
GOLDIAM,EQ,INE025B01025,526729,24.35,3.5,0,46,5243,74.25,N,Y,Mid Cap,,GOLDIAM INTERNATIONAL LTD
GOLDIETF,EQ,INF109KC1NT3,,11.96,3.5,0,33,25360,69.38,N,Y,Large Cap,,ICICI PRUDENTIAL GOLD ETF
GOODLUCK,EQ,INE127I01024,530655,19.85,3.5,0,41,4713,26.41,N,Y,Small Cap,,GOODLUCK INDIA LIMITED
GPIL,EQ,INE177H01039,532734,15.62,3.5,0,37,17870,42.57,N,Y,Mid Cap,,GODAWARI POW & ISP LTD
GPPL,EQ,INE517F01014,533248,13.01,3.5,0,35,7554,26.12,N,Y,Mid Cap,,GUJARAT PIPAVAV PORT LTD
GPTINFRA,EQ,INE390G01014,533761,18.44,3.5,0,40,1688,11.37,N,Y,Small Cap,,GPT INFRAPROJECTS LTD
GRANULES,EQ,INE101D01020,532482,13.2,3.5,0,35,19101,80,N,Y,Mid Cap,,GRANULES INDIA LIMITED
GRAPHITE,EQ,INE371A01025,509488,16.92,3.5,0,38,12169,52.78,N,Y,Mid Cap,,GRAPHITE INDIA LTD
GRAVITA,EQ,INE024L01027,533282,17.45,3.5,0,39,12656,30.21,N,Y,Mid Cap,,GRAVITA INDIA LIMITED
GREAVESCOT,EQ,INE224A01026,501455,18.69,3.5,0,40,4984,53.22,N,Y,Small Cap,,GREAVES COTTON LTD.
GREENLAM,EQ,INE544R01021,538979,16.04,3.5,0,38,6570,5.95,N,Y,Mid Cap,,GREENLAM INDUSTRIES LTD.
GREENPLY,EQ,INE461C01038,526797,17.03,3.5,0,40,3696,7.48,N,Y,Small Cap,,GREENPLY INDUSTRIES LTD
GRINDWELL,EQ,INE536A01023,506076,12.86,3.5,0,34,23566,14.1,N,Y,Large Cap,,GRINDWELL NORTON LIMITED
GRINFRA,EQ,INE201P01022,543317,12.09,3.5,0,34,9444,5.23,N,Y,Mid Cap,,G R INFRAPROJECTS LIMITED
GROWW,EQ,INE0HOQ01053,544603,16.13,3.5,0,38,125277,890,N,Y,Large Cap,,BILLIONBRAINS GARAGE VN L
GRSE,EQ,INE382Z01011,542011,22.49,3.5,0,44,31876,293.15,N,Y,Large Cap,,GARDEN REACH SHIP&ENG LTD
GRWRHITECH,EQ,INE291A01017,500655,25.4,3.5,0,47,15494,50.7,N,Y,Mid Cap,,GARWARE HI-TECH FILMS LTD
GSFC,EQ,INE026A01025,500690,13.14,3.5,0,35,6531,13.66,N,Y,Mid Cap,,GUJ STATE FERT & CHEM LTD
GSPCROP,EQ,INE713R01022,544733,9.52,3.5,0,40,1962,8.71,N,Y,Small Cap,,GSP CROP SCIENCE LIMITED
GTLINFRA,EQ,INE221H01019,532775,22.31,3.5,0,44,1845,13.09,N,Y,Small Cap,,GTL INFRA.LTD
GUFICBIO,EQ,INE742B01025,509079,15.23,3.5,0,40,3694,6.41,N,Y,Small Cap,,GUFIC BIOSCIENCES LTD.
GUJGASLTD,EQ,INE844O01030,539336,12.98,3.5,0,34,33841,37.93,N,Y,Large Cap,,GUJARAT GAS LIMITED
GUJTHEM,EQ,INE942C01045,506879,22.92,3.5,0,44,4372,7.32,N,Y,Small Cap,,GUJARAT THEMIS BIOSYN LTD
GULFOILLUB,EQ,INE635Q01029,538567,13.49,3.5,0,35,5253,8.62,N,Y,Mid Cap,,GULF OIL LUB. IND. LTD.
HAPPSTMNDS,EQ,INE419U01012,543227,14.12,3.5,0,36,5271,35.94,N,Y,Mid Cap,,HAPPIEST MINDS TECHNO LTD
HAPPYFORGE,EQ,INE330T01021,544057,13.2,3.5,0,35,14424,29.66,N,Y,Mid Cap,,HAPPY FORGINGS LIMITED
HARSHA,EQ,INE0JUS01029,543600,13.9,3.5,0,40,3908,10.44,N,Y,Small Cap,,HARSHA ENGINEERS INT LTD
HATHWAY,EQ,INE982F01036,533162,14.13,3.5,0,40,2092,7.96,N,Y,Small Cap,,HATHWAY CABLE & DATACOM
HBLENGINE,EQ,INE292B01021,517271,19.57,3.5,0,41,22816,97.66,N,Y,Large Cap,,HBL ENGINEERING LTD
HCC,EQ,INE549A01026,500185,22.17,3.5,0,44,7172,160.44,N,Y,Mid Cap,,HINDUSTAN CONSTRUCTION CO
HCG,EQ,INE075I01017,539787,12.49,3.5,0,34,9170,7.87,N,Y,Mid Cap,,HEALTHCARE GLOB. ENT. LTD
HDBFS,EQ,INE756I01012,544429,9.29,3.5,0,31,60596,88.75,N,Y,Large Cap,,HDB FINANCIAL SERVICES L
HDFCGOLD,EQ,INF179KC1981,,11.63,3.5,0,33,20954,56.05,N,Y,Large Cap,,HDFC GOLD ETF
HDFCSILVER,EQ,INF179KC1DI2,,23.66,3.5,0,45,7023,128.94,N,Y,Mid Cap,,HDFCAMC - HDFCSILVER
HDFCSML250,EQ,INF179KC1FB2,,7.34,2,0,25,2410,33.17,N,Y,Small Cap,,HDFCAMC - HDFCSML250
HEG,EQ,INE545A01024,509631,17.74,3.5,0,39,10146,34.37,N,Y,Mid Cap,,HEG LTD
HEMIPROP,EQ,INE0AJG01018,543242,18.09,3.5,0,40,3932,7.26,N,Y,Small Cap,Loss making,HEMISPHERE PROP IND LTD
HERITGFOOD,EQ,INE978A01027,519552,15.03,3.5,0,40,2977,10,N,Y,Small Cap,,HERITAGE FOODS LTD
HEXT,EQ,INE093A01041,544362,14.3,3.5,0,36,30212,37.58,N,Y,Large Cap,,HEXAWARE TECHNOLOGIES LTD
HGINFRA,EQ,INE926X01010,541019,16.68,3.5,0,40,3759,27.56,N,Y,Small Cap,,H.G.INFRA ENGINEERING LTD
HGS,EQ,INE170I01016,532859,13.41,3.5,0,40,1978,5.56,N,Y,Small Cap,Loss making,HINDUJA GLOBAL SOLS. LTD.
HIKAL,EQ,INE475B01022,524735,18.16,3.5,0,40,2692,8.86,N,Y,Small Cap,,HIKAL LIMITED
HINDCOPPER,EQ,INE531E01026,513599,22.15,3.5,0,44,48569,200.37,N,Y,Large Cap,,HINDUSTAN COPPER LTD
HINDOILEXP,EQ,INE345A01011,500186,19.53,3.5,0,41,2124,23.21,N,Y,Small Cap,,HINDUSTAN OIL EXPLORATION
HINDWAREAP,EQ,INE05AN01011,542905,22.04,3.5,0,44,2062,27.44,N,Y,Small Cap,,HINDWARE HME INOVATON LTD
HIRECT,EQ,INE835D01023,504036,24.37,3.5,0,46,3977,12.4,N,Y,Small Cap,,HIND RECTIFIER LIMITED
HITECH,EQ,INE106T01025,543411,18.09,3.5,0,40,1910,8.2,N,Y,Small Cap,,HI-TECH PIPES LIMITED
HLEGLAS,EQ,INE461D01028,522215,21.35,3.5,0,43,2656,18.17,N,Y,Small Cap,,HLE GLASCOAT LIMITED
HOMEFIRST,EQ,INE481N01025,543259,16.32,3.5,0,38,12139,22.06,N,Y,Mid Cap,,HOME FIRST FIN CO IND LTD
HONASA,EQ,INE0J5401028,544014,15.14,3.5,0,37,13534,45.67,N,Y,Mid Cap,,HONASA CONSUMER LIMITED
HONAUT,EQ,INE671A01010,517174,12.37,3.5,0,34,34495,30.43,N,Y,Large Cap,,HONEYWELL AUTOMATION IND
HPL,EQ,INE495S01016,540136,21.95,3.5,0,43,2441,10.93,N,Y,Small Cap,,HPL ELECTRIC & POWER LTD
HSCL,EQ,INE019C01026,500184,15.33,3.5,0,37,33451,1078.98,N,Y,Large Cap,,HIMADRI SPECIALITY CHEM L
HUBTOWN,EQ,INE703H01016,532799,21.56,3.5,0,43,3045,12.38,N,Y,Small Cap,,HUBTOWN LIMITED
HUDCO,EQ,INE031A01017,540530,15.81,3.5,0,37,41636,50.08,N,Y,Large Cap,,HSG & URBAN DEV CORPN LTD
ICICIAMC,EQ,INE346A01027,544658,9.83,3.5,0,31,166051,288.22,N,Y,Large Cap,,ICICI PRUDENTIAL AMC LTD
ICICIB22,EQ,INF109KB15Y7,,9,3.5,0,30,10514,5.76,N,Y,Mid Cap,,ICICIPRAMC - BHARATIWIN
ICIL,EQ,INE483B01026,521016,24.93,3.5,0,46,8594,97.55,N,Y,Mid Cap,ST ASM Stage - 1,INDO COUNT INDUSTRIES LTD
ICRA,EQ,INE725G01011,532835,9.05,3.5,0,31,5121,7.21,N,Y,Mid Cap,,ICRA LIMITED
IDBI,EQ,INE008A01015,500116,20.39,3.5,0,42,93460,320.67,N,Y,Large Cap,,IDBI BANK LIMITED
IFBIND,EQ,INE559A01017,505726,20.42,3.5,0,42,5090,13.66,N,Y,Mid Cap,,IFB INDUSTRIES LTD
IGIL,EQ,INE0Q9301021,544311,15.36,3.5,0,37,15223,18.91,N,Y,Mid Cap,,INTL GEMOLOGICAL INST LTD
IGL,EQ,INE203G01027,532514,12.51,3.5,0,34,23512,48.89,N,Y,Large Cap,,INDRAPRASTHA GAS LTD
IIFL,EQ,INE530B01024,532636,17.89,3.5,0,39,22334,106.06,N,Y,Large Cap,,IIFL FINANCE LIMITED
IIFLCAPS,EQ,INE489L01022,542773,20.16,3.5,0,42,10576,28.47,N,Y,Mid Cap,,IIFL CAPITAL SERVICES LTD
IKS,EQ,INE115Q01022,544309,13.75,3.5,0,35,29469,23.89,N,Y,Large Cap,,INVENTURUS KNOWLEDGE SO L
IMAGICAA,EQ,INE172N01012,539056,16.53,3.5,0,40,2825,8.67,N,Y,Small Cap,,IMAGICAAWORLD ENT LTD
IMFA,EQ,INE919H01018,533047,20.31,3.5,0,42,7462,18.68,N,Y,Mid Cap,,INDIAN METALS & FERRO
INA,EQ,INE0LGX01024,543620,15.8,3.5,0,40,2538,8.72,N,Y,Small Cap,,INSOLATION ENERGY LIMITED
INDGN,EQ,INE065X01017,544172,12.23,3.5,0,34,12695,11.78,N,Y,Mid Cap,,INDEGENE LIMITED
INDIACEM,EQ,INE383A01012,530005,14.54,3.5,0,36,11833,5.21,N,Y,Mid Cap,,THE INDIA CEMENTS LIMITED
INDIAGLYCO,EQ,INE560A01023,500201,16.88,3.5,0,38,6375,6.25,N,Y,Mid Cap,,INDIA GLYCOLS LTD
INDIAMART,EQ,INE933S01016,542726,10.74,3.5,0,32,11861,22.4,N,Y,Mid Cap,,INDIAMART INTERMESH LTD
INDIASHLTR,EQ,INE922K01024,544044,12.72,3.5,0,34,8513,8.1,N,Y,Mid Cap,,INDIA SHELTER FIN CORP L
INDIGOPNTS,EQ,INE09VQ01012,543258,13.63,3.5,0,40,4900,7.5,N,Y,Small Cap,,INDIGO PAINTS LIMITED
INDOCO,EQ,INE873D01024,532612,19.57,3.5,0,41,2189,10.77,N,Y,Small Cap,,INDOCO REMEDIES LTD.
INDOTHAI,EQ,INE337M01021,533676,19.07,3.5,0,41,2978,32.8,N,Y,Small Cap,,INDO THAI SEC LTD
INDRAMEDCO,EQ,INE681B01017,532150,18.78,3.5,0,40,3567,8.91,N,Y,Small Cap,,INDRAPRASTHA MEDICAL CORP
INDSWFTLAB,EQ,INE915B01019,532305,22.15,3.5,0,44,1681,32.97,N,Y,Small Cap,,IND SWIFT LABORATORIES LT
INGERRAND,EQ,INE177A01018,500210,13.14,3.5,0,35,14463,16.42,N,Y,Mid Cap,,INGERSOLL-RAND INDIA LTD
INNOVACAP,EQ,INE0DUT01020,544067,15.04,3.5,0,37,5402,5.48,N,Y,Mid Cap,,INNOVA CAPTAB LIMITED
INOXGREEN,EQ,INE510W01014,543667,20.54,3.5,0,42,8025,35.7,N,Y,Mid Cap,,INOX GREEN ENERGY SER LTD
INOXINDIA,EQ,INE616N01034,544046,15.26,3.5,0,37,18047,141.98,N,Y,Mid Cap,,INOX INDIA LIMITED
INTELLECT,EQ,INE306R01017,538835,17.44,3.5,0,39,10542,37.65,N,Y,Mid Cap,,INTELLECT DESIGN ARENA
INTERARCH,EQ,INE00M901018,544232,18.14,3.5,0,40,3231,12.88,N,Y,Small Cap,,INTERARCH BLDNG SOLTN LTD
IOB,EQ,INE565A01014,532388,13.53,3.5,0,35,67205,19.82,N,Y,Large Cap,,INDIAN OVERSEAS BANK
IOLCP,EQ,INE485C01029,524164,19.83,3.5,0,41,3844,32.59,N,Y,Small Cap,,IOL CHEM AND PHARMA LTD
IONEXCHANG,EQ,INE570A01022,500214,15.67,3.5,0,37,5908,31.79,N,Y,Mid Cap,,ION EXCHANGE (INDIA) LTD
IPCALAB,EQ,INE571A01038,524494,12,3.5,0,33,41131,36.3,N,Y,Large Cap,,IPCA LABORATORIES LTD
IRB,EQ,INE821I01022,532947,13.29,3.5,0,35,25750,26.85,N,Y,Large Cap,,IRB INFRA DEV LTD.
IRCON,EQ,INE962Y01021,541956,18.32,3.5,0,40,12759,26.85,N,Y,Mid Cap,,IRCON INTERNATIONAL LTD
IRCTC,EQ,INE335Y01020,542830,9.89,3.5,0,31,41220,40.86,N,Y,Large Cap,,INDIAN RAIL TOUR CORP LTD
ITBEES,EQ,INF204KB15V2,,9.49,3.5,0,40,3328,82.75,N,Y,Small Cap,,NIP IND ETF IT
ITCHOTELS,EQ,INE379A01028,544325,11.87,3.5,0,33,37192,93.85,N,Y,Large Cap,,ITC HOTELS LIMITED
ITDC,EQ,INE353K01014,532189,22.41,3.5,0,44,5174,114.41,N,Y,Mid Cap,,INDIA TOUR. DEV. CO. LTD.
ITI,EQ,INE248A01017,523610,19.18,3.5,0,41,29542,24.99,N,Y,Large Cap,,ITI LTD
IXIGO,EQ,INE0HV901016,544192,21.63,3.5,0,43,8104,41.04,N,Y,Mid Cap,,LE TRAVENUES TECHNOLOGY L
J&KBANK,EQ,INE168A01041,532209,15.82,3.5,0,37,17569,53.31,N,Y,Mid Cap,,J & K BANK LTD.
JAICORPLTD,EQ,INE070D01027,512237,20.86,3.5,0,42,2077,9.35,N,Y,Small Cap,,JAI CORP LIMITED
JAINREC,EQ,INE0YD401026,544537,19.9,3.5,0,41,12620,98.64,N,Y,Mid Cap,,JAIN RESOURCE RECYCLING L
JAMNAAUTO,EQ,INE039C01032,520051,16.61,3.5,0,38,5293,34.33,N,Y,Mid Cap,,JAMNA AUTO IND LTD
JASH,EQ,INE039O01029,544402,17.67,3.5,0,40,3392,17.25,N,Y,Small Cap,,JASH ENGINEERING LIMITED
JAYBARMARU,EQ,INE571B01036,520066,24.49,3.5,0,46,1730,28.33,N,Y,Small Cap,LT ASM Stage - 1,JAY BHARAT MARUTI LTD
JBCHEPHARM,EQ,INE572A01036,506943,9.53,3.5,0,31,35853,57.01,N,Y,Large Cap,,J B CHEMICALS AND PHARMA
JBMA,EQ,INE927D01051,532605,19.24,3.5,0,41,16661,114.86,N,Y,Mid Cap,,JBM AUTO LIMITED
JINDALSAW,EQ,INE324A01032,500378,20.05,3.5,0,42,16504,53.63,N,Y,Mid Cap,,JINDAL SAW LIMITED
JINDRILL,EQ,INE742C01031,511034,21.88,3.5,0,43,1634,19.78,N,Y,Small Cap,,JINDAL DRILLING IND. LTD
JINDWORLD,EQ,INE247D01039,531543,23.11,3.5,0,45,3097,12.58,N,Y,Small Cap,,JINDAL WORLDWIDE LTD
JISLJALEQS,EQ,INE175A01038,500219,20.26,3.5,0,42,2555,18.55,N,Y,Small Cap,,JAIN IRRIGATION SYSTEMS
JKCEMENT,EQ,INE823G01014,532644,13.11,3.5,0,35,42598,48.1,N,Y,Large Cap,,JK CEMENT LIMITED
JKIL,EQ,INE576I01022,532940,14.12,3.5,0,40,3814,5.58,N,Y,Small Cap,,JKUMAR INFR.LTD.
JKLAKSHMI,EQ,INE786A01032,500380,12.05,3.5,0,34,7457,9.54,N,Y,Mid Cap,,JK LAKSHMI CEMENT LTD
JKPAPER,EQ,INE789E01012,532162,15.83,3.5,0,37,5786,7.52,N,Y,Mid Cap,,JK PAPER LIMITED
JKTYRE,EQ,INE573A01042,530007,16.02,3.5,0,38,11617,54.65,N,Y,Mid Cap,,JK TYRE & INDUSTRIES LTD
JMFINANCIL,EQ,INE780C01023,523405,18.75,3.5,0,40,12050,56.6,N,Y,Mid Cap,,JM FINANCIAL LIMITED
JPPOWER,EQ,INE351F01018,532627,23.24,3.5,0,45,12323,225.62,N,Y,Mid Cap,,JAIPRAKASH POWER VEN. LTD
JSFB,EQ,INE953L01027,544118,16.92,3.5,0,40,4854,30,N,Y,Small Cap,,JANA SMALL FIN BANK LTD
JSL,EQ,INE220G01021,532508,14.02,3.5,0,36,57297,43,N,Y,Large Cap,,JINDAL STAINLESS LIMITED
JSLL,EQ,INE0J5801029,544476,22.11,3.5,0,44,7211,202.53,N,Y,Mid Cap,,JEENA SIKHO LIFECARE LTD
JSWCEMENT,EQ,INE718I01012,544480,10.31,3.5,0,32,18213,40.57,N,Y,Mid Cap,,JSW CEMENT LIMITED
JSWINFRA,EQ,INE880J01026,543994,13.71,3.5,0,35,71064,209.19,N,Y,Large Cap,,JSW INFRASTRUCTURE LTD
JTLIND,EQ,INE391J01032,534600,25.2,3.5,0,47,3079,28.06,N,Y,Small Cap,,JTL INDUSTRIES LIMITED
JUBLINGREA,EQ,INE0BY001018,543271,15.92,3.5,0,37,10065,16.42,N,Y,Mid Cap,,JUBILANT INGREVIA LIMITED
JUBLPHARMA,EQ,INE700A01033,530019,13.46,3.5,0,35,15495,9.4,N,Y,Mid Cap,,JUBILANT PHARMOVA LTD
JUNIORBEES,EQ,INF732E01045,,6.98,2,0,25,8312,35.51,N,Y,Mid Cap,,NIP IND ETF JUNIOR BEES
JUSTDIAL,EQ,INE599M01018,535648,13.1,3.5,0,40,4685,7.42,N,Y,Small Cap,,JUSTDIAL LTD.
JWL,EQ,INE209L01016,533272,20.08,3.5,0,42,11436,41.88,N,Y,Mid Cap,,JUPITER WAGONS LIMITED
JYOTHYLAB,EQ,INE668F01031,532926,12.57,3.5,0,34,7345,17.35,N,Y,Mid Cap,,JYOTHY LABS LIMITED
JYOTICNC,EQ,INE980O01024,544081,19.31,3.5,0,41,17690,176.92,N,Y,Mid Cap,,JYOTI CNC AUTOMATION LTD
KAJARIACER,EQ,INE217B01036,500233,12.6,3.5,0,34,19235,27.29,N,Y,Mid Cap,,KAJARIA CERAMICS LTD
KALAMANDIR,EQ,INE438K01021,543989,18.96,3.5,0,40,1680,10.78,N,Y,Small Cap,,SAI SILKS (KALAMANDIR) L
KANSAINER,EQ,INE531A01024,500165,10.68,3.5,0,32,17332,8.72,N,Y,Mid Cap,,KANSAI NEROLAC PAINTS LTD
KARURVYSYA,EQ,INE036D01028,590003,14.17,3.5,0,36,28507,79.45,N,Y,Large Cap,,KARUR VYSYA BANK LTD
KDDL,EQ,INE291D01011,532054,20.21,3.5,0,42,3966,16.08,N,Y,Small Cap,,KDDL LIMITED
KEC,EQ,INE389H01022,532714,16.56,3.5,0,38,14139,50.72,N,Y,Mid Cap,,KEC INTL. LIMITED
KIMS,EQ,INE967H01025,543308,13.21,3.5,0,35,31899,64.44,N,Y,Large Cap,,KRISHNA INST OF MED SCI L
KIOCL,EQ,INE880L01014,540680,24.11,3.5,0,46,24237,9.42,N,Y,Large Cap,,KIOCL LIMITED
KIRIINDUS,EQ,INE415I01015,532967,19.8,3.5,0,41,2348,12.34,N,Y,Small Cap,,KIRI INDUSTRIES LIMITED
KIRLOSBROS,EQ,INE732A01036,500241,18.63,3.5,0,40,16047,90.21,N,Y,Mid Cap,,KIRLOSKAR BROTHERS LTD
KIRLOSENG,EQ,INE146L01010,533293,19.62,3.5,0,41,37262,389.23,N,Y,Large Cap,LT ASM Stage - 1,KIRLOSKAR OIL ENG LTD
KITEX,EQ,INE602G01020,521248,24.08,3.5,0,46,3349,31.67,N,Y,Small Cap,,KITEX GARMENTS LTD
KNRCON,EQ,INE634I01029,532942,16.46,3.5,0,40,3882,27.32,N,Y,Small Cap,,KNR CONSTRU LTD.
KPEL,EQ,INE127T01021,539686,19.72,3.5,0,41,2353,6.69,N,Y,Small Cap,,K.P. ENERGY LIMITED
KPIGREEN,EQ,INE542W01025,542323,18.95,3.5,0,40,7951,26.57,N,Y,Mid Cap,,KPI GREEN ENERGY LIMITED
KPIL,EQ,INE220B01022,522287,13.63,3.5,0,35,23877,60.35,N,Y,Large Cap,,KALPATARU PROJECT INT LTD
KPRMILL,EQ,INE930H01031,532889,17.56,3.5,0,39,41648,219.52,N,Y,Large Cap,,KPR MILL LTD.
KRBL,EQ,INE001B01026,530813,16.78,3.5,0,38,9017,21.46,N,Y,Mid Cap,,KRBL LIMITED
KRISHANA,EQ,INE506W01012,,17.69,3.5,0,40,4538,21.23,N,Y,Small Cap,,KRISHANA PHOSCHEM LIMITED
KRISHNADEF,EQ,INE0J5601015,,16.74,3.5,0,40,1993,20.99,N,Y,Small Cap,,KRISHNA DEF AND ALD IND L
KSB,EQ,INE999A01023,500249,12.89,3.5,0,34,16408,19.3,N,Y,Mid Cap,,KSB LIMITED
KSCL,EQ,INE455I01029,532899,16.23,3.5,0,40,4750,54.77,N,Y,Small Cap,,KAVERI SEED CO. LTD.
KTKBANK,EQ,INE614B01018,532652,13.56,3.5,0,35,10027,54.6,N,Y,Mid Cap,,KARNATAKA BANK LIMITED
LALPATHLAB,EQ,INE600L01024,539524,12.03,3.5,0,34,27814,147.85,N,Y,Large Cap,,DR. LAL PATH LABS LTD.
LANDMARK,EQ,INE559R01029,543714,17.84,3.5,0,40,1844,8.34,N,Y,Small Cap,,LANDMARK CARS LIMITED
LATENTVIEW,EQ,INE0I7C01011,543398,17.76,3.5,0,39,6138,26.29,N,Y,Mid Cap,,LATENT VIEW ANALYTICS LTD
LEMONTREE,EQ,INE970X01018,541233,14.1,3.5,0,36,9455,59.94,N,Y,Mid Cap,,LEMON TREE HOTELS LTD
LENSKART,EQ,INE956O01016,544600,10.73,3.5,0,32,89660,359.66,N,Y,Large Cap,,LENSKART SOLUTIONS LTD
LGEINDIA,EQ,INE324D01010,544576,9,3.5,0,30,106296,170.8,N,Y,Large Cap,,LG ELECTRONICS INDIA LTD
LINDEINDIA,EQ,INE473A01011,523457,12.92,3.5,0,34,60906,23.11,N,Y,Large Cap,,LINDE INDIA LIMITED
LIQUID1,EQ,INF174KA1LV5,,6,2,0,25,1710,91.5,N,Y,Small Cap,,KOTAKMAMC - KOTAKLIQ
LIQUIDADD,EQ,INF740KA1UM0,,6,2,0,25,1655,54.82,N,Y,Small Cap,,DSPAMC - LIQUIDADD
LIQUIDBEES,EQ,INF732E01037,,6,2,0,25,10888,297.27,N,Y,Mid Cap,,NIP IND ETF LIQUID BEES
LIQUIDCASE,EQ,INF0R8F01034,,6,2,0,25,9689,194.16,N,Y,Mid Cap,,ZERODHAAMC - LIQUIDCASE
LLOYDSENT,EQ,INE080I01025,512463,23.3,3.5,0,45,11419,39.48,N,Y,Mid Cap,,LLOYDS ENTERPRISES LTD
LLOYDSME,EQ,INE281B01032,512455,15.79,3.5,0,37,92912,85.04,N,Y,Large Cap,,LLOYDS METALS N ENERGY L
LMW,EQ,INE269B01029,500252,12.49,3.5,0,34,17101,7.05,N,Y,Mid Cap,,LMW LIMITED
LOTUSDEV,EQ,INE0V9Q01010,544469,14.44,3.5,0,36,7123,7.56,N,Y,Mid Cap,,SRI LOTUS DEVLPRS N RTY L
LTFOODS,EQ,INE818H01020,532783,17.13,3.5,0,39,13449,28.1,N,Y,Mid Cap,,LT FOODS LIMITED
LTTS,EQ,INE010V01017,540115,14.25,3.5,0,36,35217,39.38,N,Y,Large Cap,,L&T TECHNOLOGY SER. LTD.
LUMAXIND,EQ,INE162B01018,517206,19.83,3.5,0,41,4783,7.64,N,Y,Small Cap,,LUMAX INDUSTRIES LTD
LUMAXTECH,EQ,INE872H01027,532796,21.36,3.5,0,43,10255,32.39,N,Y,Mid Cap,,LUMAX AUTO TECH LTD
LUXIND,EQ,INE150G01020,539542,19.77,3.5,0,41,3714,8.1,N,Y,Small Cap,,LUX INDUSTRIES LIMITED
LXCHEM,EQ,INE576O01020,543277,17.83,3.5,0,40,4433,19.14,N,Y,Small Cap,,LAXMI ORGANIC INDUS LTD
M&MFIN,EQ,INE774D01024,532720,14.85,3.5,0,36,43207,91.44,N,Y,Large Cap,,M&M FIN. SERVICES LTD
MAFANG,EQ,INF769K01HF4,,10.36,3.5,0,40,4721,5.37,N,Y,Small Cap,,MIRAEAMC - MAFANG
MAHABANK,EQ,INE457A01014,532525,14.82,3.5,0,36,68093,143.7,N,Y,Large Cap,,BANK OF MAHARASHTRA
MAHLOG,EQ,INE766P01016,540768,15.82,3.5,0,40,3744,7.59,N,Y,Small Cap,,MAHINDRA LOGISTIC LIMITED
MAHSEAMLES,EQ,INE271B01025,500265,12.04,3.5,0,34,8694,6.83,N,Y,Mid Cap,,MAHARASHTRA SEAMLESS LTD
MAITHANALL,EQ,INE683C01011,590078,16.11,3.5,0,40,3010,14.36,N,Y,Small Cap,,MAITHAN ALLOYS LTD
MANGLMCEM,EQ,INE347A01017,502157,13.3,3.5,0,40,2503,5.74,N,Y,Small Cap,,MANGALAM CEMENT LTD
MANINDS,EQ,INE993A01026,513269,23.83,3.5,0,45,4452,66.59,N,Y,Small Cap,,MAN INDUSTRIES (I) LTD.
MANINFRA,EQ,INE949H01023,533169,16.73,3.5,0,40,4226,29.53,N,Y,Small Cap,,MAN INFRA LTD
MANORAMA,EQ,INE00VM01036,541974,19.5,3.5,0,41,9466,27.13,N,Y,Mid Cap,,MANORAMA INDUSTRIES LTD
MANYAVAR,EQ,INE825V01034,543463,13.09,3.5,0,35,9996,6.47,N,Y,Mid Cap,,VEDANT FASHIONS LIMITED
MAPMYINDIA,EQ,INE0BV301023,543425,16.25,3.5,0,40,4717,28.45,N,Y,Small Cap,,C.E. INFO SYSTEMS LIMITED
MARINE,EQ,INE01JE01028,,21.28,3.5,0,43,3805,30.81,N,Y,Small Cap,,MARINE ELECTRICAL (I) LTD
MARKSANS,EQ,INE750C01026,524404,18.38,3.5,0,40,11922,69.24,N,Y,Mid Cap,,MARKSANS PHARMA LIMITED
MARSONS,EQ,INE415B01044,517467,20.8,3.5,0,42,2016,25.01,N,Y,Small Cap,,MARSONS LIMITED
MASTEK,EQ,INE759A01021,523704,15.57,3.5,0,40,4961,10.49,N,Y,Small Cap,,MASTEK LTD
MAYURUNIQ,EQ,INE040D01038,522249,15.6,3.5,0,40,3492,16.57,N,Y,Small Cap,,MAYUR UNIQUOTERS LTD
MBAPL,EQ,INE900L01010,,14.87,3.5,0,36,5017,9.64,N,Y,Mid Cap,,MADHYA BHARAT AGRO P. LTD
MBEL,EQ,INE08N601015,544470,18.55,3.5,0,40,1744,6,N,Y,Small Cap,,M AND B ENGINEERING LTD
MEDANTA,EQ,INE474Q01031,543654,12.29,3.5,0,34,35437,40.28,N,Y,Large Cap,,GLOBAL HEALTH LIMITED
MEDPLUS,EQ,INE804L01022,543427,11.74,3.5,0,33,10108,15.43,N,Y,Mid Cap,,MEDPLUS HEALTH SERV LTD
MEESHO,EQ,INE0VDM01015,544632,17.11,3.5,0,39,85014,798.8,N,Y,Large Cap,,MEESHO LIMITED
METROPOLIS,EQ,INE112L01020,542650,12.17,3.5,0,34,11469,12.1,N,Y,Mid Cap,,METROPOLIS HEALTHCARE LTD
MGL,EQ,INE002S01010,539957,13.65,3.5,0,35,11814,32.01,N,Y,Mid Cap,,MAHANAGAR GAS LTD.
MHRIL,EQ,INE998I01010,533088,12.38,3.5,0,40,4840,8.08,N,Y,Small Cap,,MAHINDRA HOLIDAYS LTD
MID150BEES,EQ,INF204KB1V68,,6.87,2,0,25,3586,23.21,N,Y,Small Cap,,NIP IND ETF MIDCAP 150
MIDCAPETF,EQ,INF769K01IC9,,7,2,0,25,1813,5.19,N,Y,Small Cap,,MIRAEAMC - MAM150ETF
MIDHANI,EQ,INE099Z01011,541195,18.81,3.5,0,40,8150,53,N,Y,Mid Cap,,MISHRA DHATU NIGAM LTD
MINDACORP,EQ,INE842C01021,538962,13.97,3.5,0,35,15985,34.19,N,Y,Mid Cap,,MINDA CORPORATION LTD
MMTC,EQ,INE123F01029,513377,20.82,3.5,0,42,10812,165.91,N,Y,Mid Cap,,MMTC LIMITED
MOBIKWIK,EQ,INE0HLU01028,544305,20.67,3.5,0,42,1569,21.27,N,Y,Small Cap,,ONE MOBIKWIK SYSTEMS LTD
MOIL,EQ,INE490G01020,533286,17.01,3.5,0,39,5691,15.67,N,Y,Mid Cap,,MOIL LIMITED
MOLDTKPAC,EQ,INE893J01029,533080,15.72,3.5,0,40,2323,6.17,N,Y,Small Cap,,MOLD-TEK PACKAGING LTD
MON100,EQ,INF247L01AP3,,9.21,2,0,25,16954,33.4,N,Y,Mid Cap,,MOTILAL OS NASDAQ100 ETF
MONARCH,EQ,INE903D01011,511551,15.45,3.5,0,40,2566,6.48,N,Y,Small Cap,,MONARCH NETWORTH CAP LTD
MOREPENLAB,EQ,INE083A01026,500288,20.03,3.5,0,42,2856,69.49,N,Y,Small Cap,,MOREPEN LAB. LTD
MOSCHIP,EQ,INE935B01025,532407,22.59,3.5,0,44,4039,49.54,N,Y,Small Cap,,MOSCHIP TECHNOLOGIES LTD
MRF,EQ,INE883A01011,500290,9.23,3.5,0,31,55186,89.56,N,Y,Large Cap,,MRF LTD
MRPL,EQ,INE103A01014,500109,20.46,3.5,0,42,27381,117.58,N,Y,Large Cap,,MRPL
MSPL,EQ,INE752G01015,532650,18.32,3.5,13.18,53,2387,21.18,N,Y,Small Cap,,MSP STEEL & POWER LTD.
MSUMI,EQ,INE0FS801015,543498,12.3,3.5,0,34,25081,41.9,N,Y,Large Cap,,MOTHERSON SUMI WRNG IND L
MTNL,EQ,INE153A01019,500108,20.68,3.5,0,42,1930,7.04,N,Y,Small Cap,Loss making,MAHANAGAR TELEPHONE NIGAM
MUFIN,EQ,INE08KJ01020,542774,17.03,3.5,0,40,2247,16.34,N,Y,Small Cap,,MUFIN GREEN FINANCE LTD
MUTHOOTMF,EQ,INE046W01019,544055,17.02,3.5,0,40,3651,8.23,N,Y,Small Cap,,MUTHOOT MICROFIN LIMITED
NATCOPHARM,EQ,INE987B01026,524816,16.41,3.5,0,38,16005,84.25,N,Y,Mid Cap,,NATCO PHARMA LTD.
NAVA,EQ,INE725A01030,513023,17.76,3.5,0,39,17264,24.11,N,Y,Mid Cap,,NAVA LIMITED
NAVINFLUOR,EQ,INE048G01026,532504,13.04,3.5,0,35,39441,107.74,N,Y,Large Cap,,NAVIN FLUORINE INT. LTD
NAVKARCORP,EQ,INE278M01019,539332,19.95,3.5,0,41,1704,11.34,N,Y,Small Cap,,NAVKAR CORPORATION LTD.
NAZARA,EQ,INE418L01047,543280,16.24,3.5,15.26,53,10829,56.28,N,Y,Mid Cap,,NAZARA TECHNOLOGIES LTD
NCC,EQ,INE868B01028,500294,14.22,3.5,0,36,9893,37.25,N,Y,Mid Cap,,NCC LIMITED
NEOGEN,EQ,INE136S01016,542665,20.18,3.5,0,42,5129,24.62,N,Y,Mid Cap,,NEOGEN CHEMICALS LIMITED
NEPHROPLUS,EQ,INE428V01029,544647,12.87,3.5,0,34,6821,19.54,N,Y,Mid Cap,,NEPHROCARE HEALTH SERV L
NESCO,EQ,INE317F01035,505355,13.33,3.5,0,35,7791,5.18,N,Y,Mid Cap,,NESCO LTD.
NETWEB,EQ,INE0NT901020,543945,23.63,3.5,0,45,28892,1250.57,N,Y,Large Cap,,NETWEB TECH INDIA LTD
NETWORK18,EQ,INE870H01013,532798,17.62,3.5,0,39,5115,58.7,N,Y,Mid Cap,,NETWORK18 MEDIA & INV LTD
NEULANDLAB,EQ,INE794A01010,524558,18.63,3.5,0,40,23186,87.43,N,Y,Large Cap,,NEULAND LAB LTD.
NEWGEN,EQ,INE619B01017,540900,22.67,3.5,0,44,6726,196.82,N,Y,Mid Cap,,NEWGEN SOFTWARE TECH LTD
NEXT50BETA,EQ,INF789F1AUW9,,7.4,2,0,25,2256,5,N,Y,Small Cap,,UTIAMC-NEXT50BETA
NEXT50IETF,EQ,INF109KC1NS5,,7,2,0,25,2592,13.45,N,Y,Small Cap,,ICICIPRAMC - ICICINXT50
NFL,EQ,INE870D01012,523630,15.29,3.5,0,40,3763,16.01,N,Y,Small Cap,,NATIONAL FERT. LTD
NH,EQ,INE410P01011,539551,12.34,3.5,0,34,40024,51.03,N,Y,Large Cap,,NARAYANA HRUDAYALAYA LTD.
NIFTY1,EQ,INF174K014P6,,6,2,0,25,3434,5.23,N,Y,Small Cap,,KOTAK NIFTY ETF
NIFTYBEES,EQ,INF204KB14I2,,6,2,0,25,65063,214,N,Y,Large Cap,,NIP IND ETF NIFTY BEES
NIFTYETF,EQ,INF769K01EG9,,6,2,0,25,5255,5.37,N,Y,Mid Cap,,MIRAEAMC - MAN50ETF
NIFTYIETF,EQ,INF109K012R6,,6,2,0,25,42167,24.49,N,Y,Large Cap,,ICICI PRUD NIFTY ETF
NIITMTS,EQ,INE342G01023,543952,16.57,3.5,0,40,3234,10.39,N,Y,Small Cap,,NIIT LEARNING SYSTEMS LTD
NITCO,EQ,INE858F01012,532722,21.38,3.5,0,43,2544,32.04,N,Y,Small Cap,,NITCO LIMITED
NITINSPIN,EQ,INE229H01012,532698,15.72,3.5,0,40,3189,8.31,N,Y,Small Cap,,NITIN SPINNERS LIMITED
NIVABUPA,EQ,INE995S01015,544286,11.42,3.5,0,33,15960,21.1,N,Y,Mid Cap,,NIVA BUPA HEALTH INS CO L
NLCINDIA,EQ,INE589A01014,513683,16.7,3.5,0,38,45100,259.61,N,Y,Large Cap,,NLC INDIA LIMITED
NOCIL,EQ,INE163A01018,500730,17.54,3.5,0,40,3062,66.84,N,Y,Small Cap,,NOCIL LIMITED
NORTHARC,EQ,INE850M01015,544260,16.01,3.5,0,40,4765,14.96,N,Y,Small Cap,,NORTHERN ARC CAPITAL LTD
NRBBEARING,EQ,INE349A01021,530367,16.15,3.5,15.35,53,4164,83.2,N,Y,Small Cap,,NRB BEARING LIMITED
NSLNISP,EQ,INE0NNS01018,543768,16.87,3.5,0,38,13085,88.18,N,Y,Mid Cap,,NMDC STEEL LIMITED
NTPCGREEN,EQ,INE0ONG01011,544289,12.13,3.5,0,34,79772,37.09,N,Y,Large Cap,,NTPC GREEN ENERGY LIMITED
NUCLEUS,EQ,INE096B01018,531209,17.33,3.5,0,40,2007,16.71,N,Y,Small Cap,,NUCLEUS SOFTWARE EXPORTS
NUVOCO,EQ,INE118D01016,543334,13.19,3.5,0,35,11218,9.63,N,Y,Mid Cap,,NUVOCO VISTAS CORP LTD
OLECTRA,EQ,INE260D01016,532439,19.59,3.5,0,41,12247,216.01,N,Y,Mid Cap,,OLECTRA GREENTECH LIMITED
ONEPOINT,EQ,INE840Y01029,544748,18.95,3.5,0,40,1525,10.97,N,Y,Small Cap,,ONE POINT ONE SOL LTD
ONESOURCE,EQ,INE013P01021,544292,17.23,3.5,0,39,17927,40.2,N,Y,Mid Cap,,ONESOURCE SPECL PHARMA L
OPTIEMUS,EQ,INE350C01017,530135,21.72,3.5,0,43,4192,11.55,N,Y,Small Cap,,OPTIEMUS INFRACOM LTD
OSWALPUMPS,EQ,INE0BYP01024,544418,16.41,3.5,0,40,4991,37.2,N,Y,Small Cap,,OSWAL PUMPS LIMITED
PACEDIGITK,EQ,INE0S3G01027,544550,14.53,3.5,0,40,4593,125.8,N,Y,Small Cap,,PACE DIGITEK LIMITED
PAISALO,EQ,INE420C01059,532900,17.85,3.5,0,39,5385,61.92,N,Y,Mid Cap,,PAISALO DIGITAL LIMITED
PANACEABIO,EQ,INE922B01023,531349,24.6,3.5,0,46,3406,62.49,N,Y,Small Cap,,PANACEA BIOTEC LTD
PARADEEP,EQ,INE088F01024,543530,18.37,3.5,0,40,14131,62.92,N,Y,Mid Cap,,PARADEEP PHOSPHATES LTD
PARAGMILK,EQ,INE883N01014,539889,19.3,3.5,0,41,2807,12.43,N,Y,Small Cap,,PARAG MILK FOODS LTD.
PARKHOSPS,EQ,INE119201023,544645,13.05,3.5,0,35,12422,23.83,N,Y,Mid Cap,,PARK MEDI WORLD LIMITED
PATELENG,EQ,INE244B01030,531120,18,3.5,0,40,3436,45.33,N,Y,Small Cap,,PATEL ENGINEERING LTD.
PCBL,EQ,INE602A01031,506590,18.38,3.5,0,40,12400,44.65,N,Y,Mid Cap,,PCBL CHEMICAL LIMITED
PCJEWELLER,EQ,INE785M01021,534809,19.92,3.5,0,41,7039,45.53,N,Y,Mid Cap,,PC JEWELLER LTD
PDSL,EQ,INE111Q01021,538730,16.48,3.5,0,38,5050,10.7,N,Y,Mid Cap,,PDS LIMITED
PENIND,EQ,INE932A01024,513228,21.61,3.5,0,43,2181,6.64,N,Y,Small Cap,,PENNAR INDUSTRIES LTD
PFIZER,EQ,INE182A01018,500680,10.06,3.5,0,32,20619,15.84,N,Y,Large Cap,,PFIZER LTD
PGHH,EQ,INE179A01014,500459,9,3.5,0,30,29146,16.94,N,Y,Large Cap,,P&G HYGIENE & HEALTH CARE
PGHL,EQ,INE199A01012,500126,9.61,3.5,0,31,10371,10.22,N,Y,Mid Cap,,PROCTER & GAMBLE HEALTH L
PGIL,EQ,INE940H01022,532808,22.18,3.5,0,44,9602,54.94,N,Y,Mid Cap,ST ASM Stage - 1,PEARL GLOBAL IND LIMITED
PHARMABEES,EQ,INF204KC1089,,9,3.5,0,40,1636,18.46,N,Y,Small Cap,,NIPPONAMC - NETFPHARMA
PICCADIL,EQ,INE546C01010,530305,18.02,3.5,0,40,5543,6.74,N,Y,Mid Cap,,PICCADILY AGRO INDUSTRI L
PINELABS,EQ,INE15B701018,544606,14.41,3.5,0,36,18518,523.58,N,Y,Mid Cap,,PINE LABS LIMITED
PIRAMALFIN,EQ,INE202B01038,544597,10.52,3.5,0,32,48391,89.07,N,Y,Large Cap,,PIRAMAL FINANCE LIMITED
PNBGILTS,EQ,INE859A01011,532366,17.91,3.5,0,40,1651,30.26,N,Y,Small Cap,,PNB GILTS LIMITED
PNCINFRA,EQ,INE195J01029,539150,14.75,3.5,0,36,6005,17.53,N,Y,Mid Cap,,PNC INFRATECH LTD.
PNGJL,EQ,INE953R01016,544256,14.48,3.5,0,36,7319,11.27,N,Y,Mid Cap,,P N GADGIL JEWELLERS LTD
POCL,EQ,INE063E01053,532626,22.78,3.5,0,44,4126,31.86,N,Y,Small Cap,,PONDY OXIDES & CHEM LTD
POKARNA,EQ,INE637C01025,532486,23.53,3.5,0,45,3511,16.71,N,Y,Small Cap,ST ASM Stage - 1,POKARNA LIMITED
POLYMED,EQ,INE205C01021,531768,18.32,3.5,0,40,16733,24.19,N,Y,Mid Cap,,POLY MEDICURE LIMITED
POLYPLEX,EQ,INE633B01018,524051,14.68,3.5,0,40,3259,17.88,N,Y,Small Cap,,POLYPLEX CORPORATION LTD
POONAWALLA,EQ,INE511C01022,524000,15.17,3.5,0,37,37688,84.02,N,Y,Large Cap,,POONAWALLA FINCORP LTD
POWERMECH,EQ,INE211R01019,539302,17.23,3.5,0,39,8830,56.05,N,Y,Mid Cap,,POWER MECH PROJECTS LTD.
PPLPHARMA,EQ,INE0DK501011,543635,15.05,3.5,0,37,22922,189.8,N,Y,Large Cap,,PIRAMAL PHARMA LIMITED
PRAJIND,EQ,INE074A01025,522205,16.85,3.5,0,38,6398,40.03,N,Y,Mid Cap,,PRAJ INDUSTRIES LTD
PRAKASH,EQ,INE603A01013,506022,17.96,3.5,0,40,2530,8.71,N,Y,Small Cap,,PRAKASH INDUSTRIES LTD
PREMEXPLN,EQ,INE863B01029,526247,26.19,3.5,0,48,4062,99.14,N,Y,Small Cap,,PREMIER EXPLOSIVES LTD
PRICOLLTD,EQ,INE726V01018,540293,15.48,3.5,0,37,7182,31.4,N,Y,Mid Cap,,PRICOL LIMITED
PRINCEPIPE,EQ,INE689W01016,542907,16.1,3.5,0,40,3233,12.2,N,Y,Small Cap,,PRINCE PIPES FITTINGS LTD
PRIVISCL,EQ,INE959A01019,530117,15.66,3.5,0,37,14097,33.25,N,Y,Mid Cap,,PRIVI SPECIALITY CHE LTD
PROTEAN,EQ,INE004A01022,544021,19.75,3.5,0,41,2467,19.93,N,Y,Small Cap,,PROTEAN EGOV TECHNO LTD
PRUDENT,EQ,INE00F201020,543527,17.41,3.5,0,39,12365,8.18,N,Y,Mid Cap,,PRUDENT CORP ADV SER LTD
PSB,EQ,INE608A01012,533295,16,3.5,0,37,17746,5.97,N,Y,Mid Cap,,PUNJAB & SIND BANK
PSPPROJECT,EQ,INE488V01015,540544,17.76,3.5,0,40,3961,14.58,N,Y,Small Cap,,PSP PROJECTS LIMITED
PSUBNKBEES,EQ,INF204KB16I7,,10.22,3.5,0,40,4246,31.78,N,Y,Small Cap,,NIP IND ETF PSU BANK BEES
PTC,EQ,INE877F01012,532524,14.61,3.5,0,36,5469,21.81,N,Y,Mid Cap,,PTC INDIA LIMITED
PTCIL,EQ,INE596F01018,539006,16.65,3.5,0,38,26135,92.1,N,Y,Large Cap,,PTC INDUSTRIES LIMITED
PVRINOX,EQ,INE191H01014,532689,11.67,3.5,0,33,9718,20.37,N,Y,Mid Cap,,PVR INOX LIMITED
PVTBANIETF,EQ,INF109KC18U7,,9,3.5,0,40,3512,42.24,N,Y,Small Cap,,ICICIPRAMC - ICICIBANKP
PWL,EQ,INE0LP301011,544609,16.11,3.5,0,38,35783,179.08,N,Y,Large Cap,,PHYSICSWALLAH LIMITED
QUESS,EQ,INE615P01015,539978,14.23,3.5,0,40,3732,51.14,N,Y,Small Cap,,QUESS CORP LIMITED
RAILTEL,EQ,INE0DD101019,543265,18.96,3.5,0,40,10187,25.69,N,Y,Mid Cap,,RAILTEL CORP OF IND LTD
RAIN,EQ,INE855B01025,500339,21.03,3.5,0,43,6482,125.48,N,Y,Mid Cap,,RAIN INDUSTRIES LIMITED
RAINBOW,EQ,INE961O01016,543524,10.84,3.5,0,32,14565,16.77,N,Y,Mid Cap,,RAINBOW CHILDRENS MED LTD
RALLIS,EQ,INE613A01020,500355,15.3,3.5,0,40,4479,12.72,N,Y,Small Cap,,RALLIS INDIA LTD
RAMCOCEM,EQ,INE331A01037,500260,10.83,3.5,0,32,21591,16.05,N,Y,Large Cap,,THE RAMCO CEMENTS LIMITED
RAMRAT,EQ,INE207E01023,522281,17.85,3.5,0,40,3902,9.04,N,Y,Small Cap,,RAM RATNA WIRES LIMITED
RATEGAIN,EQ,INE0CLI01024,543417,18.07,3.5,0,40,10161,52.42,N,Y,Mid Cap,,RATEGAIN TRAVEL TECHN LTD
RATNAMANI,EQ,INE703B01027,520111,16.4,3.5,0,38,19301,8.28,N,Y,Mid Cap,,RATNAMANI MET & TUB LTD.
RAYMOND,EQ,INE301A01014,500330,19.99,3.5,0,41,4036,39.14,N,Y,Small Cap,,RAYMOND LTD
RAYMONDLSL,EQ,INE02ID01020,544240,17.96,3.5,0,40,4901,18.4,N,Y,Small Cap,,RAYMOND LIFESTYLE LIMITED
RAYMONDREL,EQ,INE1SY401010,544420,20.63,3.5,0,42,4281,55.63,N,Y,Small Cap,,RAYMOND REALTY LIMITED
RBA,EQ,INE07T201019,543248,12.38,3.5,0,40,4689,112.52,N,Y,Small Cap,Loss making,RESTAURANT BRAND ASIA LTD
RCF,EQ,INE027A01015,524230,16.08,3.5,0,38,7404,37.48,N,Y,Mid Cap,,RASHTRIYA CHEMICALS & FER
REDINGTON,EQ,INE891D01026,532805,19.28,3.5,0,41,22191,263.93,N,Y,Large Cap,,REDINGTON LIMITED
REDTAPE,EQ,INE0LXT01019,543957,16.2,3.5,0,38,7365,7.21,N,Y,Mid Cap,,REDTAPE LIMITED
REFEX,EQ,INE056I01025,532884,22.62,3.5,0,44,4639,36.4,N,Y,Small Cap,,REFEX INDUSTRIES LIMITED
RELAXO,EQ,INE131B01039,530517,16.11,3.5,0,38,9185,9.86,N,Y,Mid Cap,,RELAXO FOOT LTD.
RELIGARE,EQ,INE621H01010,532915,16.12,3.5,0,38,9266,39.7,N,Y,Mid Cap,,RELIGARE ENTER. LTD.
RELTD,EQ,INE206N01018,504341,23.46,3.5,0,45,3164,30.76,N,Y,Small Cap,,RAVINDRA ENERGY LIMITED
RENUKA,EQ,INE087H01022,532670,14.88,3.5,0,40,4874,22.45,N,Y,Small Cap,,SHREE RENUKA SUGARS LTD
RHETAN,EQ,INE0KKN01029,543590,18.29,3.5,0,40,2189,30.85,N,Y,Small Cap,,RHETAN TMT LIMITED
RHIM,EQ,INE743M01012,534076,16.47,3.5,0,38,7840,20.69,N,Y,Mid Cap,,RHI MAGNESITA INDIA LTD
RICOAUTO,EQ,INE209B01025,520008,23.75,3.5,0,45,1905,79.1,N,Y,Small Cap,,RICO AUTO INDUSTRIES LTD
RISHABH,EQ,INE0N2P01017,543977,21.44,3.5,0,43,2252,9.68,N,Y,Small Cap,,RISHABH INSTRUMENTS LTD
RITES,EQ,INE320J01015,541556,14.75,3.5,0,36,10009,23.65,N,Y,Mid Cap,,RITES LIMITED
RKFORGE,EQ,INE399G01023,532527,15.13,3.5,0,37,10327,20.84,N,Y,Mid Cap,,RAMKRISHNA FORGINGS LTD
RML,EQ,INE050H01012,532661,17.33,3.5,0,40,2935,21.74,N,Y,Small Cap,,RANE (MADRAS) LIMITED
ROLEXRINGS,EQ,INE645S01024,543325,16.12,3.5,0,40,4027,14.84,N,Y,Small Cap,,ROLEX RINGS LIMITED
ROSSARI,EQ,INE02A801020,543213,14.29,3.5,0,40,2977,8.84,N,Y,Small Cap,,ROSSARI BIOTECH LIMITED
ROSSTECH,EQ,INE0OJW01016,544294,24.84,3.5,0,46,3507,32.12,N,Y,Small Cap,,ROSSELL TECHSYS LIMITED
ROUTE,EQ,INE450U01017,543228,14.41,3.5,0,40,3360,9.91,N,Y,Small Cap,,ROUTE MOBILE LIMITED
RPEL,EQ,INE912T01018,539837,20.18,3.5,0,42,5451,17.76,N,Y,Mid Cap,,RAGHAV PRODUCTIVITY ENH L
RPOWER,EQ,INE614G01033,532939,21.93,3.5,0,43,10418,100.71,N,Y,Mid Cap,,RELIANCE POWER LTD.
RRKABEL,EQ,INE777K01022,543981,15.68,3.5,0,37,27574,155.54,N,Y,Large Cap,,R R KABEL LIMITED
RSYSTEMS,EQ,INE411H01032,532735,18.44,3.5,0,40,2957,7.63,N,Y,Small Cap,,R SYS INTERNATIONAL LTD
RTNINDIA,EQ,INE834M01019,534597,20.37,3.5,0,42,4756,9.99,N,Y,Small Cap,,RATTANINDIA ENT LIMITED
RTNPOWER,EQ,INE399K01017,533122,17.73,3.5,13.77,53,4978,13.33,N,Y,Small Cap,,RATTANINDIA POWER LIMITED
SAATVIKGL,EQ,INE13B501022,544526,13.74,3.5,0,35,6198,5.77,N,Y,Mid Cap,,SAATVIK GREEN ENERGY LTD
SAFARI,EQ,INE429E01023,523025,15.18,3.5,0,37,7833,25.78,N,Y,Mid Cap,,SAFARI IND (INDIA) LTD
SAGILITY,EQ,INE0W2G01015,544282,14.54,3.5,0,36,18753,65.75,N,Y,Mid Cap,,SAGILITY LIMITED
SAILIFE,EQ,INE570L01029,544306,14.07,3.5,0,36,25518,55.83,N,Y,Large Cap,,SAI LIFE SCIENCES LIMITED
SAIPARENT,EQ,INE0H9F01037,544742,9,3.5,0,40,2605,22.78,N,Y,Small Cap,,SAI PARENTERALS LIMITED
SAKAR,EQ,INE732S01012,,21.49,3.5,0,43,1842,13.41,N,Y,Small Cap,,SAKAR HEALTHCARE LIMITED
SAMBHV,EQ,INE12NJ01018,544430,15.82,3.5,0,40,3324,9.86,N,Y,Small Cap,,SAMBHV STEEL TUBES LTD
SAMHI,EQ,INE08U801020,543984,15.85,3.5,0,40,4075,23.53,N,Y,Small Cap,,SAMHI HOTELS LIMITED
SANDUMA,EQ,INE149K01016,504918,21.23,3.5,0,43,10096,21.24,N,Y,Mid Cap,,SANDUR MANG & IRON ORES L
SANGHVIMOV,EQ,INE989A01032,530073,22.32,3.5,0,44,3635,21.41,N,Y,Small Cap,,SANGHVI MOVERS LTD
SANOFI,EQ,INE058A01010,500674,9,3.5,0,30,7829,8.61,N,Y,Mid Cap,,SANOFI INDIA LIMITED
SANOFICONR,EQ,INE0UOS01011,544250,12.42,3.5,0,34,10791,8.33,N,Y,Mid Cap,,SANOFI CONS HEALTHC IND L
SANSERA,EQ,INE953O01021,543358,16.09,3.5,0,38,19583,102.61,N,Y,Mid Cap,,SANSERA ENGINEERING LTD
SANSTAR,EQ,INE08NE01025,544217,16.19,3.5,0,40,2322,32.03,N,Y,Small Cap,,SANSTAR LIMITED
SAPPHIRE,EQ,INE806T01020,543397,17.44,3.5,0,39,5973,35.82,N,Y,Mid Cap,,SAPPHIRE FOODS INDIA LTD
SARDAEN,EQ,INE385C01021,504614,16.26,3.5,0,38,18119,20.19,N,Y,Mid Cap,,SARDA ENERGY & MIN LTD
SAREGAMA,EQ,INE979A01025,532163,17.31,3.5,0,39,9083,111.97,N,Y,Mid Cap,,SAREGAMA INDIA LIMITED
SATIN,EQ,INE836B01017,539404,13.87,3.5,0,40,2644,11.82,N,Y,Small Cap,,SATIN CREDIT NET LTD
SBCL,EQ,INE386D01027,513097,19.37,3.5,0,41,4359,33.89,N,Y,Small Cap,,SHIVALIK BIMETAL CON. LTD
SBFC,EQ,INE423Y01016,543959,13.35,3.5,0,35,10179,10.67,N,Y,Mid Cap,,SBFC FINANCE LIMITED
SBISILVER,EQ,INF200KB1217,,22.68,3.5,0,44,5534,46.62,N,Y,Mid Cap,,SBIAMC - SBISILVER
SCHAEFFLER,EQ,INE513A01022,505790,12.58,3.5,0,34,65432,34.27,N,Y,Large Cap,,SCHAEFFLER INDIA LIMITED
SCHNEIDER,EQ,INE839M01018,534139,20.11,3.5,0,42,32851,86.19,N,Y,Large Cap,,SCHNEIDER ELECTRIC INFRA
SCI,EQ,INE109A01011,523598,20.15,3.5,0,42,15050,255.54,N,Y,Mid Cap,,SHIPPING CORP OF INDIA LT
SEAMECLTD,EQ,INE497B01018,526807,16.59,3.5,0,40,3680,15.24,N,Y,Small Cap,,SEAMEC LIMITED
SEDEMAC,EQ,INE00XB01019,544723,11.48,3.5,0,33,12654,54.97,N,Y,Mid Cap,,SEDEMAC MECHATRONICS LTD
SENCO,EQ,INE602W01027,543936,17.75,3.5,0,39,5404,17.91,N,Y,Mid Cap,,SENCO GOLD LIMITED
SENORES,EQ,INE0RB801010,544319,17.43,3.5,0,39,5870,55.97,N,Y,Mid Cap,,SENORES PHARMACEUTICALS L
SERVOTECH,EQ,INE782X01033,,23.2,3.5,0,45,2227,17.27,N,Y,Small Cap,,SERVOTECH REN POW SYS LTD
SETFGOLD,EQ,INF200KA16D8,,11.46,3.5,0,33,23646,65.97,N,Y,Large Cap,,SBI-ETF GOLD
SETFNIF50,EQ,INF200KA1FS1,,6,2,0,25,210818,23.03,N,Y,Large Cap,,SBI-ETF NIFTY 50
SETFNIFBK,EQ,INF200KA1580,,9,3.5,0,40,3946,8.19,N,Y,Small Cap,,SBI-ETF NIFTY BANK
SFL,EQ,INE916U01025,540203,14.93,3.5,0,36,8023,23.4,N,Y,Mid Cap,,SHEELA FOAM LIMITED
SGFIN,EQ,INE618R01015,539199,17.73,3.5,0,40,3265,9.25,N,Y,Small Cap,,SG FINSERVE LIMITED
SGMART,EQ,INE385F01024,512329,15.73,3.5,0,37,7411,5.86,N,Y,Mid Cap,,SG MART LIMITED
SHAILY,EQ,INE151G01028,501423,22.48,3.5,0,44,12927,137.7,N,Y,Mid Cap,,SHAILY ENG PLASTICS LTD
SHAKTIPUMP,EQ,INE908D01010,531431,20.29,3.5,0,42,7294,72.41,N,Y,Mid Cap,,SHAKTI PUMPS (I) LTD
SHANTIGOLD,EQ,INE06ZD01017,544459,15,3.5,0,40,1596,34.92,N,Y,Small Cap,,SHANTI GOLD INTERNATION L
SHARDACROP,EQ,INE221J01015,538666,23.9,3.5,0,45,8013,21.29,N,Y,Mid Cap,,SHARDA CROPCHEM LTD.
SHILCTECH,EQ,INE024F01011,531201,23.35,3.5,0,45,5250,14.73,N,Y,Mid Cap,,SHILCHAR TECHNOLOGIES LTD
SHILPAMED,EQ,INE790G01031,530549,17.42,3.5,0,39,11337,79.63,N,Y,Mid Cap,,SHILPA MEDICARE LTD
SHK,EQ,INE500L01026,539450,19.63,3.5,0,41,1876,6.59,N,Y,Small Cap,,S H KELKAR AND CO. LTD.
SHREEJISPG,EQ,INE1B6101010,544490,13.75,3.5,0,35,7954,56.18,N,Y,Mid Cap,,SHREEJI SHIPPING GLOBAL L
SHRINGARMS,EQ,INE1B3L01017,544512,14.25,3.5,0,40,2072,15.37,N,Y,Small Cap,,SHRINGAR HOU OF MANGALS L
SHRIPISTON,EQ,INE526E01018,544344,16.47,3.5,0,38,17298,33.18,N,Y,Mid Cap,,SHRIRAM PIST. & RING LTD
SHRIRAMPPS,EQ,INE217L01019,543419,17.66,3.5,0,40,1529,7.2,N,Y,Small Cap,,SHRIRAM PROPERTIES LTD
SHYAMMETL,EQ,INE810G01011,543299,12.35,3.5,0,34,26498,57.38,N,Y,Large Cap,,SHYAM METALICS AND ENGY L
SIGNATURE,EQ,INE903U01023,543990,14.4,3.5,0,36,10964,22.33,N,Y,Mid Cap,,SIGNATUREGLOBAL INDIA LTD
SILVER,EQ,INF209KB19F6,,22.65,3.5,0,44,2833,38.25,N,Y,Small Cap,,BIRLASLAMC - SILVER
SILVER1,EQ,INF174KA1ZD3,,23.14,3.5,0,45,3298,26.57,N,Y,Small Cap,,KOTAKMAMC - KOTAKSILVE
SILVERBEES,EQ,INF204KC1402,,22.44,3.5,0,44,28739,710.43,N,Y,Large Cap,,NIPPONAMC - NETFSILVER
SILVERIETF,EQ,INF109KC1Y56,,21.84,3.5,0,43,13671,107.06,N,Y,Mid Cap,,ICICIPRAMC - ICICISILVE
SIMPLEXINF,EQ,INE059B01024,523838,23.48,3.5,0,45,1999,8.74,N,Y,Small Cap,,SIMPLEX INFRASTRUCTURES L
SINDHUTRAD,EQ,INE325D01025,532029,23.53,3.5,0,45,3895,5.43,N,Y,Small Cap,,SINDHU TRADE LINKS LTD
SIRCA,EQ,INE792Z01011,543686,12.75,3.5,0,40,2328,11.79,N,Y,Small Cap,,SIRCA PAINT INDIA LIMITED
SIS,EQ,INE285J01028,540673,12.5,3.5,0,34,6237,35.5,N,Y,Mid Cap,,SIS LIMITED
SJS,EQ,INE284S01014,543387,16.26,3.5,0,38,6900,22.18,N,Y,Mid Cap,,SJS ENTERPRISES LIMITED
SJVN,EQ,INE002L01015,533206,15.28,3.5,0,37,28652,19.64,N,Y,Large Cap,,SJVN LTD
SKFINDUS,EQ,INE2J8701016,544572,10.2,3.5,0,32,14030,9.53,N,Y,Mid Cap,,SKF IND (INDUSTRIAL) LTD
SKIPPER,EQ,INE439E01022,538562,18.96,3.5,0,40,6085,52.18,N,Y,Mid Cap,,SKIPPER LIMITED
SKYGOLD,EQ,INE01IU01018,541967,21.4,3.5,0,43,7796,80.7,N,Y,Mid Cap,,SKY GOLD AND DIAMONDS LTD
SMCGLOBAL,EQ,INE103C01036,543263,18.44,3.5,0,40,1534,5.75,N,Y,Small Cap,,SMC GLOBAL SECURITIES LTD
SMLMAH,EQ,INE294B01019,505192,22.46,3.5,0,44,5842,28.85,N,Y,Mid Cap,,SML MAHINDRA LIMITED
SMSPHARMA,EQ,INE812G01025,532815,19.78,3.5,0,41,3545,6.22,N,Y,Small Cap,,SMS PHARMACEUTICALS LTD.
SOBHA,EQ,INE671H01015,532784,14.85,3.5,0,36,15271,11.45,N,Y,Mid Cap,,SOBHA LIMITED
SOLARA,EQ,INE624Z01016,541540,19.15,3.5,0,41,2070,13.63,N,Y,Small Cap,,SOLARA ACTIVE PHA SCI LTD
SOMANYCERA,EQ,INE355A01028,531548,15.96,3.5,0,40,2125,6.61,N,Y,Small Cap,,SOMANY CERAMICS LIMITED
SONATSOFTW,EQ,INE269A01021,532221,19.65,3.5,0,41,8132,157.76,N,Y,Mid Cap,,SONATA SOFTWARE LTD
SOUTHBANK,EQ,INE683A01023,532218,16.27,3.5,0,38,11962,88.21,N,Y,Mid Cap,,THE SOUTH INDIAN BANK LTD
SPANDANA,EQ,INE572J01011,542759,19.33,3.5,0,41,1881,9.06,N,Y,Small Cap,,SPANDANA SPHOORTY FIN LTD
SPLPETRO,EQ,INE663A01033,500405,16.38,3.5,0,38,14148,8.99,N,Y,Mid Cap,,SUPREME PETROCHEM LIMITED
SPMLINFRA,EQ,INE937A01023,500402,22.94,3.5,0,44,1599,10.47,N,Y,Small Cap,,SPML INFRA LIMITED
SPORTKING,EQ,INE885H01029,539221,20.36,3.5,0,42,2470,14.34,N,Y,Small Cap,,SPORTKING INDIA LIMITED
SSWL,EQ,INE802C01033,513262,15.06,3.5,0,40,3671,15.4,N,Y,Small Cap,,STEEL STRIPS WHEELS LTD.
STALLION,EQ,INE0RYC01010,544342,28.05,3.5,0,50,2196,34.86,N,Y,Small Cap,,STALLION IND FLUOROCHEM L
STAR,EQ,INE939A01011,532531,16.79,3.5,0,38,10243,23.31,N,Y,Mid Cap,,STRIDES PHARMA SCI LTD
STARCEMENT,EQ,INE460H01021,540575,11.65,3.5,0,33,8758,12.2,N,Y,Mid Cap,,STAR CEMENT LIMITED
STARHEALTH,EQ,INE575P01011,543412,9.97,3.5,0,31,33792,67.72,N,Y,Large Cap,,STAR HEALTH & AL INS CO L
STEELCAS,EQ,INE124E01038,513517,18.53,3.5,0,40,3109,19.54,N,Y,Small Cap,,STEELCAST LIMITED
STOVEKRAFT,EQ,INE00IN01015,543260,18.76,3.5,0,40,2528,12.93,N,Y,Small Cap,,STOVE KRAFT LIMITED
STUDDS,EQ,INE00Q601028,544599,10.77,3.5,0,40,1918,27.87,N,Y,Small Cap,,STUDDS ACCESSORIES LTD
STYL,EQ,INE04VU01023,544533,13.39,3.5,0,40,4944,6.46,N,Y,Small Cap,,SESHAASAI TECHNOLOGIES L
STYLAMIND,EQ,INE239C01020,526951,14.94,3.5,0,36,5555,12.18,N,Y,Mid Cap,,STYLAM INDUSTRIES LIMITED
STYRENIX,EQ,INE189B01011,506222,13.03,3.5,0,40,4136,5.55,N,Y,Small Cap,,STYRENIX PERFORMANCE LTD
SUBROS,EQ,INE287B01021,517168,19.14,3.5,0,41,5377,78.86,N,Y,Mid Cap,,SUBROS LIMITED
SUDARSCHEM,EQ,INE659A01023,506655,16.93,3.5,0,38,7020,16.33,N,Y,Mid Cap,,SUDARSHAN CHEMICAL INDS L
SUDEEPPHRM,EQ,INE0QPI01025,544619,13.26,3.5,0,35,9611,43.19,N,Y,Mid Cap,,SUDEEP PHARMA LIMITED
SUMEETINDS,EQ,INE235C01036,514211,18.07,3.5,0,40,1900,9.54,N,Y,Small Cap,,SUMEET IND LIMITED
SUMICHEM,EQ,INE258G01013,542920,13.79,3.5,0,35,22264,17.26,N,Y,Large Cap,,SUMITOMO CHEM INDIA LTD
SUNDARMFIN,EQ,INE660A01013,590071,13.87,3.5,0,35,51111,42,N,Y,Large Cap,,SUNDARAM FINANCE LTD
SUNDRMFAST,EQ,INE387A01021,500403,10.24,3.5,0,32,18946,8.4,N,Y,Mid Cap,,SUNDRAM FASTENERS LTD
SUNTECK,EQ,INE805D01034,512179,16.91,3.5,0,40,4744,11.16,N,Y,Small Cap,,SUNTECK REALTY LIMITED
SUNTV,EQ,INE424H01027,532733,13.29,3.5,0,35,20368,13.61,N,Y,Large Cap,,SUN TV NETWORK LIMITED
SUPRAJIT,EQ,INE399C01030,532509,13.58,3.5,0,35,6418,10.29,N,Y,Mid Cap,,SUPRAJIT ENGINEERING LTD
SURYAROSNI,EQ,INE335A01020,500336,18.75,3.5,0,40,5682,30.29,N,Y,Mid Cap,,SURYA ROSHNI LTD
SURYODAY,EQ,INE428Q01011,543279,16.99,3.5,0,40,1844,7.46,N,Y,Small Cap,,SURYODAY SMALL FIN BK LTD
SUVEN,EQ,INE495B01038,530239,24.41,3.5,0,46,6717,45.72,N,Y,Mid Cap,Loss making,SUVEN LIFE SCIENCES LTD
SWANCORP,EQ,INE665A01038,503310,17.83,3.5,0,39,10178,42.94,N,Y,Mid Cap,,SWAN CORP LIMITED
SWARAJENG,EQ,INE277A01016,500407,12.29,3.5,0,40,4796,5.53,N,Y,Small Cap,,SWARAJ ENGINES LTD
SWSOLAR,EQ,INE00M201021,542760,19.53,3.5,0,41,5818,93.97,N,Y,Mid Cap,ICA - 0,STRLNG & WIL REN ENE LTD
SYNGENE,EQ,INE398R01022,539268,13.23,3.5,0,35,17848,47.72,N,Y,Mid Cap,,SYNGENE INTERNATIONAL LTD
SYRMA,EQ,INE0DYJ01015,543573,18.62,3.5,0,40,27473,172.52,N,Y,Large Cap,,SYRMA SGS TECHNOLOGY LTD
TALBROAUTO,EQ,INE187D01029,505160,18.34,3.5,0,40,2384,10.22,N,Y,Small Cap,,TALBROS AUTO. COMP. LTD
TANLA,EQ,INE483C01032,532790,19.2,3.5,0,41,6914,20.91,N,Y,Mid Cap,,TANLA PLATFORMS LIMITED
TARIL,EQ,INE763I01026,532928,25.17,3.5,0,47,10225,177,N,Y,Mid Cap,,TRANS & RECTI. LTD
TATACAP,EQ,INE976I01016,544574,9,3.5,0,30,150290,231.22,N,Y,Large Cap,,TATA CAPITAL LIMITED
TATACHEM,EQ,INE092A01019,500770,12.24,3.5,0,34,18555,46.42,N,Y,Mid Cap,,TATA CHEMICALS LTD
TATACOMM,EQ,INE151A01013,500483,13.48,3.5,0,35,57812,175.02,N,Y,Large Cap,,TATA COMMUNICATIONS LTD
TATAGOLD,EQ,INF277KA1976,,11.61,3.5,0,33,5496,75.68,N,Y,Mid Cap,,TATAAML-TATAGOLD
TATAINVEST,EQ,INE672A01026,501301,16.56,3.5,0,38,33909,28.23,N,Y,Large Cap,,TATA INVESTMENT CORP LTD
TATATECH,EQ,INE142M01025,544028,11.73,3.5,0,33,30392,118.66,N,Y,Large Cap,,TATA TECHNOLOGIES LIMITED
TATSILV,EQ,INF277KA1984,,23.23,3.5,0,45,4878,174.83,N,Y,Small Cap,,TATAAML-TATSILV
TBOTEK,EQ,INE673O01025,544174,15.87,3.5,0,37,15630,42.7,N,Y,Mid Cap,,TBO TEK LIMITED
TCIEXP,EQ,INE586V01016,540212,16.76,3.5,0,40,2365,17.99,N,Y,Small Cap,,TCI EXPRESS LIMITED
TECHNOE,EQ,INE285K01026,542141,18.77,3.5,0,40,12492,29.54,N,Y,Mid Cap,,TECHNO ELEC & ENG CO. LTD
TEGA,EQ,INE011K01018,543413,14.74,3.5,0,36,13065,31.5,N,Y,Mid Cap,,TEGA INDUSTRIES LIMITED
TEJASNET,EQ,INE010J01012,540595,24.3,3.5,0,46,11086,521.96,N,Y,Mid Cap,,TEJAS NETWORKS LIMITED
TENNIND,EQ,INE19RI01016,544612,11.68,3.5,0,33,24230,69.22,N,Y,Large Cap,,TENNECO CLEAN AIR INDIA L
TEXRAIL,EQ,INE621L01012,533326,19.88,3.5,0,41,4473,25.94,N,Y,Small Cap,,TEXMACO RAIL & ENG. LTD.
TFCILTD,EQ,INE305A01023,526650,20.43,3.5,0,42,3682,47.32,N,Y,Small Cap,,TOURISM FINANCE CORP. OF
THELEELA,EQ,INE0AQ201015,544408,10.34,3.5,0,32,16314,32.76,N,Y,Mid Cap,,LEELA PALACES HOTEL LTD
THERMAX,EQ,INE152A01029,500411,15.07,3.5,0,37,56687,100.14,N,Y,Large Cap,,THERMAX LTD
THOMASCOOK,EQ,INE332A01027,500413,19.79,3.5,0,41,5173,72.19,N,Y,Mid Cap,,THOMAS COOK (INDIA) LTD
TI,EQ,INE133E01013,507205,17.64,3.5,0,39,10775,24.65,N,Y,Mid Cap,,TILAKNAGAR INDUSTRIES LTD
TIMETECHNO,EQ,INE508G01029,532856,16.89,3.5,0,38,8803,58.08,N,Y,Mid Cap,,TIME TECHNOPLAST LTD.
TIMKEN,EQ,INE325A01013,522113,12.56,3.5,0,34,28285,29.88,N,Y,Large Cap,,TIMKEN INDIA LTD.
TINNARUBR,EQ,INE015C01016,530475,19.77,3.5,0,41,1732,7.23,N,Y,Small Cap,,TINNA RUBBER AND INFR LTD
TIPSMUSIC,EQ,INE716B01029,532375,14.87,3.5,0,36,8227,18.4,N,Y,Mid Cap,,TIPS MUSIC LIMITED
TIRUMALCHM,EQ,INE338A01024,500412,18.79,3.5,0,40,1998,5.9,N,Y,Small Cap,,THIRUMALAI CHEMICALS LTD
TITAGARH,EQ,INE615H01020,532966,17.59,3.5,0,39,12419,106.54,N,Y,Mid Cap,,TITAGARH RAIL SYSTEMS LTD
TMB,EQ,INE668A01016,543596,13.47,3.5,0,35,12089,30.89,N,Y,Mid Cap,,TAMILNAD MERCA BANK LTD
TMCV,EQ,INE1TAE01010,544569,12.64,3.5,0,34,151491,421,N,Y,Large Cap,,TATA MOTORS LIMITED
TORNTPOWER,EQ,INE813H01021,532779,14.22,3.5,0,36,72774,53.19,N,Y,Large Cap,,TORRENT POWER LTD
TRANSRAILL,EQ,INE454P01035,544317,16.45,3.5,0,38,6957,28.92,N,Y,Mid Cap,,TRANSRAIL LIGHTING LTD
TRAVELFOOD,EQ,INE103V01028,544443,11.07,3.5,0,33,17399,10.62,N,Y,Mid Cap,,TRAVEL FOOD SERVICES LTD
TRIDENT,EQ,INE064C01022,521064,13.76,3.5,0,35,13647,25.35,N,Y,Mid Cap,,TRIDENT LIMITED
TRITURBINE,EQ,INE152M01016,533655,18.06,3.5,0,40,21475,88.06,N,Y,Large Cap,,TRIVENI TURBINE LIMITED
TRIVENI,EQ,INE256C01024,532356,14.54,3.5,0,36,9171,18.4,N,Y,Mid Cap,,TRIVENI ENGG. & INDS. LTD
TRUALT,EQ,INE0MWH01014,544545,13.47,3.5,18.03,53,4086,25.8,N,Y,Small Cap,,TRUALT BIOENERGY LIMITED
TSFINV,EQ,INE202Z01029,,18.27,3.5,0,40,8967,6.23,N,Y,Mid Cap,,TSF INVESTMENTS LIMITED
TTML,EQ,INE517B01013,532371,18.85,3.5,0,40,8404,43.66,N,Y,Mid Cap,,TATA TELESERV(MAHARASTRA)
TVSHLTD,EQ,INE105A01035,520056,13.39,3.5,0,35,27036,6.79,N,Y,Large Cap,,TVS HOLDINGS LIMITED
TVSSCS,EQ,INE395N01027,543965,16.88,3.5,0,38,5905,16,N,Y,Mid Cap,,TVS SUPPLY CHAIN SOL L
UBL,EQ,INE686F01025,532478,9.07,3.5,0,31,35338,17.05,N,Y,Large Cap,,UNITED BREWERIES LTD
UCOBANK,EQ,INE691A01018,532505,14.06,3.5,0,36,33995,49.76,N,Y,Large Cap,,UCO BANK
UFLEX,EQ,INE516A01017,500148,14.44,3.5,0,40,3129,18.64,N,Y,Small Cap,,UFLEX LIMITED
UJJIVANSFB,EQ,INE551W01018,542904,15.73,3.5,0,37,11116,51.48,N,Y,Mid Cap,,UJJIVAN SMALL FINANC BANK
UNICHEMLAB,EQ,INE351A01035,506690,17.24,3.5,0,40,3052,28.01,N,Y,Small Cap,,UNICHEM LABORATORIES LTD
UNIMECH,EQ,INE0U3I01011,544322,18.63,3.5,0,40,5835,21.86,N,Y,Mid Cap,,UNIMECH AEROSPACE N MFG L
UNIPARTS,EQ,INE244O01017,543689,15.21,3.5,0,40,3024,13.1,N,Y,Small Cap,,UNIPARTS INDIA LIMITED
URBANCO,EQ,INE0CAZ01013,544515,14.01,3.5,0,36,20525,68.47,N,Y,Large Cap,,URBAN COMPANY LIMITED
USHAMART,EQ,INE228A01035,517146,14.83,3.5,0,36,14195,25.12,N,Y,Mid Cap,,USHA MARTIN LTD.
UTIAMC,EQ,INE094J01016,543238,13.21,3.5,0,35,12032,10.78,N,Y,Mid Cap,,UTI ASSET MNGMT CO LTD
UTKARSHBNK,EQ,INE735W01017,543942,18.54,3.5,0,40,2646,19.69,N,Y,Small Cap,,UTKARSH SMALL FIN BANK L
V2RETAIL,EQ,INE945H01021,532867,18.09,3.5,0,40,8343,35.06,N,Y,Mid Cap,,V2 RETAIL LIMITED
VAIBHAVGBL,EQ,INE884A01027,532156,17.76,3.5,0,40,4022,9.11,N,Y,Small Cap,,VAIBHAV GLOBAL LIMITED
VARROC,EQ,INE665L01035,541578,15.13,3.5,0,37,9423,7.72,N,Y,Mid Cap,,VARROC ENGINEERING LTD.
VENUSPIPES,EQ,INE0JA001018,543528,18.3,3.5,0,40,3438,27.76,N,Y,Small Cap,,VENUS PIPES & TUBES LTD
VERANDA,EQ,INE0IQ001011,543514,22.96,3.5,0,44,2303,9.42,N,Y,Small Cap,,VERANDA LEARNING SOL LTD
VGUARD,EQ,INE951I01027,532953,10.05,3.5,0,32,13694,5.64,N,Y,Mid Cap,,V-GUARD IND LTD.
VIJAYA,EQ,INE043W01024,543350,15.59,3.5,0,37,13506,30.39,N,Y,Mid Cap,,VIJAYA DIAGNOSTIC CEN LTD
VIKRAN,EQ,INE01R501028,544496,17.55,3.5,0,40,1835,18.5,N,Y,Small Cap,,VIKRAN ENGINEERING LTD
VIMTALABS,EQ,INE579C01029,524394,22.79,3.5,0,44,2642,25.58,N,Y,Small Cap,,VIMTA LABS LIMITED
VINATIORGA,EQ,INE410B01037,524200,10.33,3.5,0,32,14362,11.23,N,Y,Mid Cap,,VINATI ORGANICS LTD
VINCOFE,EQ,INE498Q01014,538920,17.18,3.5,0,40,2247,42.06,N,Y,Small Cap,,VINTAGE COFFEE N BVRGS L
VIPIND,EQ,INE054A01027,507880,16.37,3.5,0,40,4436,81.87,N,Y,Small Cap,,VIP INDUSTRIES LTD
VISHNU,EQ,INE270I01022,516072,14.98,3.5,0,40,4149,13.89,N,Y,Small Cap,,VISHNU CHEMICALS LIMITED
VIYASH,EQ,INE807F01027,512529,18.93,3.5,0,40,11850,77.39,N,Y,Mid Cap,,VIYASH SCIENTIFIC LIMITED
VMART,EQ,INE665J01013,534976,16.16,3.5,0,38,6182,17.54,N,Y,Mid Cap,,VMART RETAIL LTD
VOLTAMP,EQ,INE540H01012,532757,19.06,3.5,0,41,10583,46.23,N,Y,Mid Cap,,VOLTAMP TRANSFORMERS LTD
VSTIND,EQ,INE710A01016,509966,11.73,3.5,0,40,4428,9.98,N,Y,Small Cap,,VST INDUSTRIES LTD
VTL,EQ,INE825A01020,502986,14.48,3.5,0,36,18667,32.49,N,Y,Mid Cap,,VARDHMAN TEXTILES LIMITED
WAAREERTL,EQ,INE299N01021,534618,19.57,3.5,0,41,10266,20.83,N,Y,Mid Cap,,WAAREE RENEWABLE TECH LTD
WAKEFIT,EQ,INE0E7301029,544642,14.83,3.5,0,40,3988,14.94,N,Y,Small Cap,,WAKEFIT INNOVATIONS LTD
WELCORP,EQ,INE191B01025,532144,15.37,3.5,0,37,37089,74.69,N,Y,Large Cap,,WELSPUN CORP LIMITED
WELENT,EQ,INE625G01013,532553,15.42,3.5,0,37,7876,16.63,N,Y,Mid Cap,,WELSPUN ENTERPRISES LTD.
WELSPUNLIV,EQ,INE192B01031,514162,19.17,3.5,0,41,16290,81.52,N,Y,Mid Cap,,WELSPUN LIVING LIMITED
WENDT,EQ,INE274C01019,505412,16.64,3.5,0,40,1531,20.73,N,Y,Small Cap,,WENDT (INDIA) LIMITED
WEWORK,EQ,INE085001019,544570,12.67,3.5,0,34,8708,19.84,N,Y,Mid Cap,,WEWORK INDIA MANAGEMENT L
WHEELS,EQ,INE715A01015,590073,17.32,3.5,0,40,3827,20.8,N,Y,Small Cap,,WHEELS INDIA LTD
WHIRLPOOL,EQ,INE716A01013,500238,15.19,3.5,0,37,10198,17.36,N,Y,Mid Cap,,WHIRLPOOL OF INDIA LTD
WINDMACHIN,EQ,INE052A01021,522029,19.99,3.5,0,41,2694,5.08,N,Y,Small Cap,,WINDSOR MACHINES LIMITED
WSTCSTPAPR,EQ,INE976A01021,500444,14.97,3.5,0,40,3274,6.8,N,Y,Small Cap,,WEST COAST PAPER MILLS LT
XPROINDIA,EQ,INE445C01015,590013,19.53,3.5,0,41,3161,21.8,N,Y,Small Cap,,XPRO INDIA LIMITED
YATHARTH,EQ,INE0JO301016,543950,15.51,3.5,0,37,8258,28.84,N,Y,Mid Cap,,YATHARTH HOSP & TRA C S L
YATRA,EQ,INE0JR601024,543992,24.84,3.5,0,46,1724,20.87,N,Y,Small Cap,,YATRA ONLINE LIMITED
ZAGGLE,EQ,INE07K301024,543985,23.81,3.5,0,45,2823,18.28,N,Y,Small Cap,,ZAGGLE PREPA OCEAN SER L
ZEEL,EQ,INE256A01028,505537,19.33,3.5,0,41,11092,751.21,N,Y,Mid Cap,,ZEE ENTERTAINMENT ENT LTD
ZENSARTECH,EQ,INE520A01027,504067,14.28,3.5,0,36,10310,43.2,N,Y,Mid Cap,,ZENSAR TECHNOLOGIES  LTD
ZENTEC,EQ,INE251B01027,533339,18.52,3.5,0,40,16639,187.67,N,Y,Mid Cap,,ZEN TECHNOLOGIES LIMITED
ZFCVINDIA,EQ,INE342J01019,533023,12.69,3.5,0,34,30272,54.97,N,Y,Large Cap,,ZF COM VE CTR SYS IND LTD
ZOTA,EQ,INE358U01012,,18.63,3.5,0,40,4716,10.85,N,Y,Small Cap,Loss making,ZOTA HEALTH CARE LIMITED
ZYDUSWELL,EQ,INE768C01028,531335,14.11,3.5,0,36,16721,22.35,N,Y,Mid Cap,,ZYDUS WELLNESS LIMITED
